CCODE,ISO -3 ,Countries,Status,EVI,a,Economic vulnerability index,b,"Share of agriculture, forestry and fisheries",,c,Remoteness and landlockedness,,,d,Export concentration,,e,Export instability,,f,Environmental vulnerability index,g,Share of population living in low elevated coastal zones ,,h,Share of population living in drylands ,,i,Agricultural instability,,j,Victims of disasters (%),,k,HAI,l,Health index,m,Under 5 mortality (per 1000),,n,Prevalence of stunting,,o,"Maternal mortality (per 100,000 live birth)",,p,Education index,q,Lower secondary education completion rate,,r,Adult literacy rate,,s,Gender parity index for lower secondary education completion,,t,GNI per capita ($),u
,,,,,,,,Value,Max-min,,Avg. distance,Adj. value,Max-min,,Value,Max-min,,Value,Max-min,,,,Value,Max-min,,Value,Max-min,,Value,Max-min,,Value,Max-min,,,,,,Value,Max-min,,Value,Max-min,,Value,Max-min,,,,Value,Max-min,,Value,Max-min,,Value,Max-min,,,
4,AFG,Afghanistan,LDC,46.8,,49.4,,34.1,56.1,,"3,999",50.9,51.2,,8,67.1,,11.7,23.4,,44.2,,0,0,,91.9,91.9,,4.4,15.5,,2.6,69.4,,37.5,,52.8,,57.7,71.1,,33.1,38.8,,620.4,48.5,,22.2,,31.3,23.6,r1,37.3,16.4,,0.6,26.7,t1,437,
12,DZA,Algeria,ODC,25.2,,19.3,,13.4,21,,"2,306",7.4,0,,7.1,51.5,,2.3,4.7,,31.1,,1.2,3.6,,94.7,94.7,,6.1,24.7,,0.1,1.6,,86.4,,91.5,,21.8,92.9,,8.6,87.8,,77.7,93.9,,81.2,,71.7,68.5,,81.4,75.2,,1.4,100,,"3,735",
24,AGO,Angola,LDC,38.5,,43.7,,11.7,18.2,,"6,377",60.1,62.7,,9,82.9,,5.6,11.2,,33.2,,1.5,4.4,,59.4,59.4,,9,40.5,,0.3,28.4,,55.2,,55.1,,66.9,65.5,,43.6,17.8,,221.9,81.8,,55.2,,36.5,29.4,,72.4,63.2,,0.8,73.1,,"2,027",
28,ATG,Antigua and Barbuda,ODC,36.4,,44.2,,2.2,2.1,,"5,452",52,52.5,,9.5,92.3,,14.9,29.9,,28.6,,12.2,34.8,,0,0,,6.6,27.4,,1,52.3,,97,,96,,9.5,100,,7.8,89.3,o1,21.2,98.6,,98,,113.4,100,r2,98.9,98.6,s1,1,95.5,t2,"16,463",
32,ARG,Argentina,ODC,27.1,,33.4,,8.1,12,,"9,623",81.5,89.3,,5.7,28.3,,2,4.1,,20.8,,1,2.9,,32.4,32.4,,5.6,21.9,,0.2,25.9,,92.4,,94.2,,9.4,100,,9.5,86,,44.9,96.7,,90.5,,75.7,73,,99,98.7,s2,1.1,100,,"10,324",
51,ARM,Armenia,ODC,36.7,,30.3,,12.1,18.8,,"2,903",34.3,30.4,,6.8,46.1,,13,25.9,,43.1,,0,0,,84.1,84.1,,7,29.9,,1.4,58.4,,97.6,,96.2,,10.3,99.8,,7.2,90.6,,27.2,98.1,,99.1,,97.8,97.5,,99.8,99.7,,1,100,,"5,186",
31,AZE,Azerbaijan,ODC,28.4,,31.4,,6.3,8.9,,"3,166",38.8,36,,7.9,64.3,,8.2,16.4,,25.5,,0,0,,88.7,88.7,,2.9,7.3,,0.1,5.9,,91.6,,90.2,,18.1,95.1,,13.3,78.4,,40.8,97,,93,,85.2,83.5,r3,99.8,99.7,,1,95.7,t3,"5,074",
44,BHS,Bahamas,ODC,27.6,,31.4,,0.7,0,,"5,430",51.8,52.2,,7.3,54.9,,9.3,18.6,,23.7,,12.9,36.7,,0.4,0.4,,4,13.7,,0.6,44.1,,93.3,,93.7,,12.9,98.2,,8,89,o1,77.1,94,,92.8,,88.9,87.7,r4,95.6,94.1,s3,1,96.6,t4,"27,819",
48,BHR,Bahrain,ODC,36.2,,22.9,,0.3,0,,"3,946",35.2,31.5,,5.9,31.6,,14.2,28.3,,49.5,,33,94.2,,0,0,,11.5,53.8,,0.9,50.1,,97.8,,98,,6.5,100,,5,95,,15.9,99.1,,97.6,,99.2,99.1,r3,97.5,96.6,s4,1,97.2,t3,"25,049",
50,BGD,Bangladesh,LDC,21.9,,22.2,,12.1,18.8,,"4,067",36.8,33.5,,5.9,31,,2.7,5.5,,21.7,,8.4,23.9,,0,0,,2.8,7.1,,1.2,55.6,,77.5,,77,,28.8,88.6,,26.4,52.2,,123,90.1,,78.1,,70.9,67.6,,74.9,66.5,,1.3,100,,"2,684",
52,BRB,Barbados,ODC,18.3,,25.5,,1.9,1.6,,"5,691",54.2,55.3,,5.7,29,,8.2,16.3,,11,,2.2,6.3,,0,0,,5.2,20.2,,0.1,17.6,,98.1,,96.5,,10.9,99.5,,6,93,,39.1,97.1,,99.6,,99.3,99.2,r5,99.6,99.5,s5,1,100,t5,"17,777",
84,BLZ,Belize,ODC,43.1,,37.5,,9.4,14.2,,"6,578",61.7,64.7,,7.2,52.5,,9.4,18.8,,48.6,,33.9,96.7,,0,0,,4.9,18.2,,4.6,79.3,,80.1,,90,,10.9,99.4,,12,81,,129.8,89.6,,70.1,,40,33.3,,82.8,77,s6,1.4,100,,"5,941",
204,BEN,Benin,LDC,34.2,,39.8,,30.2,49.6,,"5,005",47.6,47,,7.1,51.5,,5.6,11.3,,28.6,,7.3,20.7,,9.7,9.7,,6.3,25.7,,1.4,58.2,,48.6,,52.7,,80.8,57.1,,30.4,44.2,,522.6,56.7,,44.6,,43.7,37.5,,47.1,29.5,,0.8,66.9,,"1,316",
64,BTN,Bhutan,ODC,31.2,,41.1,,15.8,25,,"3,934",50.1,50.1,,8.3,71.9,,8.7,17.3,,21.3,,0,0,,0.3,0.3,,11.6,54.7,,0.3,30.1,,79.4,,82.2,,23.7,91.7,,22.7,59.6,,59.9,95.4,,76.6,,70.3,67,r6,72.1,62.8,,1,100,t6,"3,311",
68,BOL,Bolivia (Plurinational State of),ODC,36.5,,46.5,,14.7,23.2,,"8,365",89.2,99,,7.3,54.8,,4.6,9.1,,26.5,,0,0,,69.2,69.2,,2.7,6.5,,0.3,30.5,,90.8,,87.1,,23.9,91.6,,11.1,82.8,,160.9,87,,94.5,,92.7,91.8,,93.9,91.8,,1,100,,"3,303",
72,BWA,Botswana,ODC,40.9,,48.7,,2,1.7,,"7,965",86.7,95.8,,8.4,73.7,,11.8,23.7,,33.1,,0,0,,100,100,,6.7,27.9,,0.1,4.4,,83.5,,76.4,,38.7,82.6,,21.6,61.8,,185.9,84.9,,90.5,,90.3,89.2,r7,86.8,82.4,s7,1,100,t7,"6,882",
76,BRA,Brazil,ODC,22.3,,28.3,,7.7,11.4,,"8,372",74.2,80.3,,5.1,18.8,,1.4,2.8,,16.4,,2.2,6.4,,10.8,10.8,,2.5,5.4,,0.6,42.9,,93.6,,94.2,,14,97.6,,7.2,90.6,,72.1,94.4,,93.1,,87.7,86.3,,94.7,92.9,,1.1,100,,"7,991",
96,BRN,Brunei Darussalam,ODC,33.6,,33.3,,1.2,0.3,,"5,346",51,51.2,,8,66.4,,7.7,15.4,,34,,20.9,59.6,,0,0,,10.6,49.4,,0.2,26.8,,96.1,,93.3,,9.7,100,,10.9,83.2,,44.2,96.7,,98.9,,104.6,100,r8,97.6,96.8,,1,100,t8,"31,037",
854,BFA,Burkina Faso,LDC,46.9,,48.6,,21,33.9,,"4,550",57.6,59.5,,9.4,89.6,,5.7,11.5,,45.1,,0,0,,91.8,91.8,,5.8,23,,2.1,65.7,,59.9,,66,,78.8,58.3,,21.8,61.4,,263.8,78.3,,53.8,,57.4,52.7,,34.5,12.7,,1,96.2,,835,
108,BDI,Burundi,LDC,37.3,,52.5,,37.1,61.3,,"5,926",71.3,76.7,,7.6,60,,6,11.9,,22.1,,0,0,,0,0,,9.8,45,,0.6,43.3,,45.5,,44.8,,50.5,75.5,,56.5,0,,494.4,59,,46.3,,28.2,20.3,,75.5,67.4,,0.7,51.1,,298,
132,CPV,Cabo Verde,ODC,43.5,,40.3,,4.9,6.7,,"4,920",46.7,45.9,,8.2,70.2,,19.2,38.5,,46.8,,6.5,18.4,,100,100,,5.2,19.8,,0.8,49,,89.6,,93.9,,12.3,98.6,,9.4,86.2,,42.2,96.9,,85.3,,71,67.8,r9,91,88,,1.2,100,t9,"3,612",
116,KHM,Cambodia,LDC,24.1,,33.7,,24.1,39.1,,"4,653",43.8,42.2,,6,33,,10.2,20.5,,14.6,,2,5.7,,0,0,,6.6,27.8,,0.2,24.9,,77.8,,78.1,,23.7,91.7,,22.3,60.4,,218,82.2,,77.5,,58.6,54,,83.8,78.4,,1.2,100,,"1,590",
120,CMR,Cameroon,ODC,27.4,,32.3,,18.5,29.7,,"5,149",49,48.8,,6.8,46,,2.3,4.7,,22.4,,2.3,6.5,,25.4,25.4,,3.6,11.3,,0.7,46.5,,65.2,,59.6,,69.8,63.7,,26.9,51.2,,437.8,63.8,,70.8,,47.2,41.4,,78.2,71,,1,100,,"1,593",
140,CAF,Central African Republic,LDC,34.2,,49.1,,33.3,54.8,,"5,081",63.4,66.7,,7.7,61.4,,6.6,13.3,,19.3,,0,0,,2,2,,2.1,3.4,,3,71.9,,29.4,,34.4,,96.8,47.4,,39.8,25.4,,835.3,30.5,,24.3,,17.2,8,,37.5,16.7,,0.7,48.4,,473,
148,TCD,Chad,LDC,50.2,,51.3,,32.3,53,,"4,335",55.1,56.4,,8.7,79.1,,8.4,16.8,,49.1,,0,0,,89.8,89.8,,6.4,26.5,,4.8,80.1,,21.5,,31.8,,102.9,43.7,,32.3,40.4,,1063.5,11.4,,11.3,,18.1,9,,27.3,3,,0.5,21.8,,922,
152,CHL,Chile,ODC,33.7,,35.3,,4.2,5.4,,"9,877",82.8,91,,6.5,41.2,,1.8,3.6,,32.2,,1,2.7,,64.4,64.4,,2.8,7.2,,1.1,54.4,,98.6,,99.7,,6.3,100,,1.6,100,,15,99.2,,97.6,,96.9,96.5,,97.2,96.2,,1,100,,"14,415",
156,CHN,China,ODC,20.2,,10.7,,7.8,11.4,,"3,685",31.7,27.1,,3.3,0,,2,4.1,,29.7,,4.9,13.9,,29.1,29.1,,1.3,0,,3.7,75.7,,97,,98.1,,6.6,100,,4.6,95.8,,23,98.5,,95.9,,92.3,91.4,,97.2,96.2,,1.1,100,,"11,685",
170,COL,Colombia,ODC,24.3,,29.2,,8.6,12.9,,"6,890",64.1,67.7,,5.8,30.3,,2.9,5.8,,19.5,,2.3,6.7,,5.9,5.9,,3,8,,1.3,57.3,,91.3,,91.8,,12.4,98.6,,11.2,82.6,,74.8,94.2,,90.8,,80.5,78.3,,95.6,94.2,,1.1,100,,"6,216",
174,COM,Comoros,LDC,37,,50.7,,37.3,61.6,,"6,875",64,67.5,,8,66.6,,3.5,7,,23.3,,13.2,37.8,h1,0,0,,1.8,1.8,,1.1,53.6,,68.7,,75.5,,48.2,76.9,,18.8,67.4,,217,82.3,,61.9,,43,36.7,r10,61.7,48.9,,1.3,100,t5,"1,603",
178,COG,Congo,ODC,26.7,,39.4,,9.4,14.3,,"5,924",56.3,57.9,,8.3,71.7,,6.8,13.6,,14.1,,0.9,2.7,,0,0,,2.1,3.4,,0.9,50.2,,66.9,,76.5,,41.6,80.8,,16.5,72,,282.4,76.8,,57.2,,55.8,50.9,,80.6,74.1,,0.7,46.5,,"2,140",
188,CRI,Costa Rica,ODC,24.3,,28,,4.6,6.1,,"6,889",64.1,67.7,,5.9,31.7,,3.3,6.7,,20.6,,2,5.7,,0,0,,3.2,9.1,,2.4,67.6,,92,,94.9,,7.7,100,,9.5,86,,22,98.6,,89.2,,73.1,70.1,,98,97.4,,1.1,100,,"12,259",
384,CIV,C?te D'Ivoire,ODC,18.6,,32,,18.9,30.4,,"5,243",50,50,,6.4,40.2,,3.7,7.5,,5.3,,3.3,9.3,,0,0,,3.7,11.8,,0,0,,59.4,,63,,69.4,64,,20.2,64.6,,479.9,60.3,,55.9,,31.9,24.3,,89.9,86.5,,0.7,56.8,,"2,464",
192,CUB,Cuba,ODC,27.6,,24.3,,2.2,2,,"5,811",55.3,56.6,,6.2,36.5,,1.1,2.3,,30.8,,2.5,7.2,,0,0,,8.7,38.9,,4,76.9,,97.2,,96,,8,100,,7,91,,39.3,97.1,,98.3,,95.9,95.4,,99.7,99.6,,1,100,,"9,992",
408,PRK,Democratic People's Republic of Korea,ODC,30,,30.8,,23.1,37.4,,"4,134",37.7,34.6,,7,50.2,,0.4,0.9,,29.2,,4.9,14,,0,0,,3.2,9.4,,10.2,93.3,,93.1,,86.2,,17,95.7,,16.8,71.4,,106.7,91.5,,99.9,,99.8,99.8,r11,100,100,,1,100,t10,642,
180,COD,Democratic Republic of the Congo,LDC,34.6,,42.8,,19.9,32.1,,"5,930",56.4,58,,7.8,63.7,,8.7,17.4,,26.4,,0,0,,0.2,0.2,,9.2,41.5,,1.9,63.7,,59.5,,46.4,,75.6,60.3,,40.3,24.4,,547.4,54.6,,72.6,,49.4,43.8,,80.5,74.1,,1.1,100,,547,
262,DJI,Djibouti,LDC,54.7,,46.9,,1.4,0.6,,"4,842",45.9,44.8,,6.5,42.2,,65.9,100,,62.5,,11.1,31.6,,92.9,92.9,,10.9,51,,3.5,74.6,,66.9,,74.3,,51.9,74.6,,18.7,67.6,,234.5,80.8,,59.4,,57.5,52.8,r12,52.8,37.1,s8,0.9,88.3,t11,"3,238",
212,DMA,Dominica,ODC,38.4,,43.9,,19.1,30.6,,"5,574",53.2,53.9,,7.3,55.3,,17.8,35.6,,33,,12.9,36.7,,0,0,,2,2.4,,10,92.9,,90.8,,90.2,,32.2,86.5,,8.5,88,o1,53.9,95.9,,91.4,,87.2,85.8,r13,94,92,s9,1,96.4,r12,"7,825",
214,DOM,Dominican Republic,ODC,24.8,,27.9,,6.3,8.9,,"5,604",53.4,54.3,,6.3,38.1,,5.2,10.4,,21.7,,1.8,5.3,,0,0,,3.4,10.5,,2.9,70.9,,92.4,,90.6,,32.4,86.4,,5.6,93.8,,107.3,91.4,,94.2,,89.7,88.6,,95.5,94,,1.1,100,,"8,119",
218,ECU,Ecuador,ODC,26.4,,33.5,,10,15.2,,"7,445",68.2,72.7,,6.6,42.5,,1.7,3.4,,19.4,,7.2,20.6,,16.8,16.8,,4,13.3,,0.2,27,,89.9,,84.4,,12.2,98.7,,22.7,59.6,,65.7,94.9,,95.3,,95.3,94.8,,93.9,91.9,,1,99.2,,"5,897",
818,EGY,Egypt,ODC,16.3,,13.2,,11.9,18.5,,"2,949",20.1,12.7,,4.6,9.2,,6.3,12.6,,19.3,,16.3,46.7,,22.2,22.2,,2.6,5.8,,0.1,2.6,,84.5,,86.1,,18.1,95.1,,20.4,64.2,,16.8,99,,83,,84.7,82.9,,74.5,66,,1.1,100,,"3,760",
222,SLV,El Salvador,ODC,23.1,,29.8,,5.6,7.7,,"6,870",64,67.5,,6,33.4,,5.3,10.6,,16.5,,0.9,2.5,,0,0,,4.3,15.4,,0.8,48,,89.4,,93.6,,11.9,98.9,,10,85,,42.8,96.8,,85.2,,72.2,69.1,,90,86.6,,1.1,100,,"4,296",
226,GNQ,Equatorial Guinea,ODC,19.3,,34,,2.7,2.9,,"5,177",49.3,49.2,,8.2,69.5,,7.3,14.7,,4.6,,5.7,16.2,,0,0,,1.9,2.2,,0,0,,69.9,,72.3,,73.4,61.6,,16.1,72.8,,212.3,82.7,,67.4,,27.6,19.6,r14,95,93.3,s10,0.9,89.3,t13,"5,768",
232,ERI,Eritrea,LDC,56.4,,47.6,,17.3,27.6,,"4,380",40.7,38.3,,8.5,74.3,,25.2,50.4,,65.1,,15.5,44.2,,99.8,99.8,,9,40.5,,3.8,75.8,,62,,54,,36.6,83.9,,50.2,4.6,,321.6,73.5,,70.1,,47.3,41.4,r2,76.6,68.8,,1,100,t2,609,
748,SWZ,Eswatini,ODC,40.1,,44.1,,8.7,13.1,,"8,111",87.6,97,,6.9,48.8,,8.9,17.7,,36,,0,0,,40.8,40.8,,2.1,3.4,,21.1,100,,74,,72.9,,50,75.7,,21.2,62.6,,239.6,80.4,,75.2,,45.9,39.8,,89.3,85.7,,1.2,100,,"3,518",
231,ETH,Ethiopia,LDC,36.9,,44.1,,38.4,63.4,,"4,941",61.9,64.9,,6.6,43.3,,2.4,4.8,,29.8,,0,0,,24,24,,3.4,10.5,,6.2,84.6,,58.1,,64.1,,46.2,78,,34.4,36.2,,266.7,78.1,,52,,28.3,20.4,,51.8,35.7,s13,1.3,100,,"1,008",
242,FJI,Fiji,ODC,48.9,,47.9,,16.7,26.6,,"9,872",82.8,91,,6.2,36.3,,18.8,37.5,,49.9,,18.3,52.2,,0,0,,12,56.8,,8.7,90.5,,95.1,,92.3,,28.2,89,,7.1,90.8,,38,97.2,,97.8,,95.2,94.6,,99.1,98.8,s11,1,100,,"4,831",
266,GAB,Gabon,ODC,23.3,,31.7,,6.5,9.3,,"5,495",52.4,53,,7.4,56.4,,4,8,,15,,9.5,27.2,,0,0,,1.7,1.2,,0.3,31.5,,75,,80.7,,38.8,82.5,,13.4,78.2,,226.6,81.5,,69.3,,34.4,27.1,,85.7,80.9,,1.3,100,,"6,907",
270,GMB,Gambia,LDC,45.5,,43,,24,38.9,,"4,894",46.4,45.5,,7.4,56.5,,15.6,31.2,,48,,4.3,12.3,,12.9,12.9,,16.7,82.3,,6.3,84.7,,69,,72.8,,45.6,78.4,,13.6,77.8,,458.2,62.1,,65.2,,55.7,50.7,,58.7,44.9,,1.1,100,,750,
268,GEO,Georgia,ODC,29.3,,21.3,,7.6,11.1,,"2,863",18.6,10.8,,6.2,36.3,,13.6,27.2,,37.2,,3.9,11,,5.6,5.6,,13.3,63.9,,2.5,68.5,,98.6,,97.8,,9.3,100,,4.8,95.4,,27.6,98.1,,99.3,,98.7,98.5,,99.6,99.4,,1,100,,"4,815",
288,GHA,Ghana,ODC,30.7,,37.8,,20.7,33.4,,"5,135",48.9,48.6,,7.1,51.4,,8.9,17.8,,23.7,,2.1,6.1,,1.3,1.3,,2.8,7.3,,4.8,80,,77,,79.5,,42.3,80.4,,12.7,79.6,,263.1,78.4,,74.6,,54.8,49.8,,80.4,73.8,,1.1,100,,"2,301",
308,GRD,Grenada,ODC,30.3,,39.7,,6.1,8.6,,"5,827",55.5,56.8,,7,49.8,,21.8,43.5,,21,,5.9,16.7,,0,0,,13.9,67.2,,0,0,,95.3,,94.1,,16,96.4,,8.9,87.2,o1,21.1,98.6,,96.5,,92.3,91.5,r8,98.6,98.1,s5,1,100,t8,"8,495",
320,GTM,Guatemala,ODC,22,,27.7,,10.1,15.4,,"6,870",64,67.5,,5.5,24.2,,1.9,3.7,,16.3,,0.2,0.6,,0,0,,3.3,9.8,,1.1,54.6,,70.8,,67.7,,22.1,92.7,,43.5,18,,95.5,92.4,p1,73.9,,53.3,48.2,,84.3,79,,1,94.4,,"4,786",
324,GIN,Guinea,LDC,29.2,,51.3,,29,47.4,,"5,216",49.7,49.6,,8.2,70.8,,18.7,37.4,,7.1,,2.3,6.7,,0,0,,1.1,0,,0.2,21.6,,46.4,,50.4,,96,47.9,,27.9,49.2,,553.4,54.1,,42.4,,40.7,34.1,,45.3,27.1,,0.8,66.1,,"1,037",
624,GNB,Guinea-Bissau,LDC,34,,54.1,,32.4,53.3,,"5,010",47.6,47,,10.4,100,,8,16,,14,,4.5,13,,0,0,,3.4,10.3,,0.3,32.6,,49.2,,50.6,,71.9,62.5,,27.7,49.6,,725.1,39.7,,47.8,,14.4,4.9,,53.9,38.5,,1.1,100,,764,
328,GUY,Guyana,ODC,50.7,,53,,14.1,22.2,,"6,140",58.2,60.2,,8,66.5,,31.6,63.1,,48.3,,78.5,100,,0,0,,6.5,27.3,,2.1,65.9,,91.1,,90.3,,26.6,90,,7.6,89.8,,111.9,91.1,,92,,90.3,89.3,,90,86.7,,1.1,100,,"12,804",
332,HTI,Haiti,LDC,39.1,,45.7,,20.9,33.7,,"5,697",54.3,55.4,,8.5,74.2,,9.8,19.7,,32.4,,4.1,11.6,,7.9,7.9,,5.3,20.3,,8.3,89.7,,64.8,,69.6,,56.5,71.8,,19.5,66,,350.4,71.1,,60,,37.9,31,,61.7,48.9,s12,1.3,100,,"1,536",
340,HND,Honduras,ODC,24.4,,34.1,,12.5,19.5,,"6,732",62.9,66.2,,6.2,36.6,,7.1,14.3,,14.7,,1.8,5.2,,2.1,2.1,,4.1,14.3,,0.4,37.1,,85.1,,86.9,,16,96.4,,17.5,70,,71.8,94.4,,83.3,,68.7,65.3,,88.5,84.7,,1.2,100,,"2,455",
356,IND,India,ODC,25.8,,17.9,,19.2,30.9,,"4,046",36.5,33.2,,3.7,0,,3.7,7.4,,33.7,,1.9,5.4,,47.1,47.1,,2.8,7.3,,3.6,75.2,,79.7,,74,,29.1,88.4,,31.7,41.6,,102.7,91.8,,85.4,,89.1,87.9,,76.3,68.4,,1,100,,"2,123",
360,IDN,Indonesia,ODC,22.2,,24.2,,13.7,21.5,,"5,964",56.7,58.3,,4.7,11.8,,2.7,5.4,,20.1,,8.8,25.2,,0,0,,3,7.9,,0.7,47.2,,84.3,,74,,21.3,93.2,,31,43,,172.9,85.9,,94.5,,89.9,88.8,,96,94.7,,1.1,100,,"4,224",
364,IRN,Iran (Islamic Republic of),ODC,33.5,,21.4,,14.1,22.1,,"3,444",28.2,22.7,,5.9,31.6,,4.6,9.1,,45.5,,0.9,2.7,,94.6,94.6,,6.7,28.1,,1.3,56.8,,93.5,,97.6,,12,98.8,,4.7,95.6,,22,98.6,,89.3,,85.8,84.2,r7,89,85.3,,1,98.5,t7,"3,794",
368,IRQ,Iraq,ODC,44.8,,30.1,,4.1,5.2,,"3,223",24.7,18.4,,8.5,75.7,,10.5,21,,59.5,,4.6,13.1,,86.2,86.2,,16.8,82.6,,1.2,56.1,,82.5,,90.4,,23.5,91.8,,9.9,85.2,,76.1,94,,74.6,,48.6,42.9,,85.6,80.8,s13,1.1,100,,"4,858",
388,JAM,Jamaica,ODC,25.7,,35.5,,9.6,14.5,,"5,926",56.3,57.9,,7.3,54.8,,7.5,14.9,,15.8,,9.2,26.2,,0,0,,3.2,9.2,,0.2,28,,93.4,,92.9,,18.8,94.7,,6.5,92,,98.9,92.1,,93.8,,97.6,97.3,r7,88.1,84.1,s5,1,100,t7,"5,265",
400,JOR,Jordan,ODC,29.6,,18.8,,5.1,7,,"2,962",20.4,13,,6.1,35.3,,9.9,19.8,,40.4,,0.1,0.2,,96,96,,5.2,19.9,,0.7,45.6,,95.9,,95.4,,14.1,97.5,,6.6,91.8,,41.3,97,,96.3,,91.9,91,,98.4,97.9,,1,100,,"4,171",
398,KAZ,Kazakhstan,ODC,28.6,,26.3,,5.6,7.7,,"3,842",48.9,48.6,,6.6,42.7,,3.2,6.3,,30.9,,0,0,,96.8,96.8,,5,19,,0.1,7.9,,99,,98.2,,9.7,100,,4.9,95.2,,13.4,99.3,,99.9,,99.9,99.9,,99.8,99.7,,1,100,,"9,263",
404,KEN,Kenya,ODC,23.2,,30.1,,23.2,37.6,,"5,860",55.8,57.2,,5.3,21.6,,1.9,3.8,,16.4,,0.4,1.2,,24.4,24.4,,4.6,16.5,,0.2,23.4,,74.1,,68.5,,41.1,81.2,,18.4,68.2,,530,56.1,,79.6,,65.6,61.7,,82.9,77.2,,1.3,100,,"2,052",
296,KIR,Kiribati,LDC,53.6,,66.8,,24.3,39.6,,"8,641",75.9,82.4,,9.3,87.6,,28.8,57.6,,40.3,,95.2,100,h3,4.5,4.5,,8,34.9,,0.2,21.9,,84.6,,80.8,,56.4,71.9,,14.2,76.6,,76.3,94,,88.4,,80,77.7,,90.6,87.5,s14,1.3,100,,"2,916",
414,KWT,Kuwait,ODC,30,,21.8,,0.4,0,,"3,623",30.8,26,,7.1,51,,5.2,10.4,,38.1,,4.8,13.6,,100,100,,8.7,38.8,,0,0,,95.9,,97,,8.6,100,,6.9,91.2,,7.2,99.8,,94.8,,90.2,89.2,r15,96.5,95.3,,1.2,100,t14,"34,928",
417,KGZ,Kyrgyzstan,ODC,34.5,,39.2,,14.6,23,,"3,834",48.7,48.4,,7.7,61.4,,11.9,23.9,,29.9,,0,0,,80.5,80.5,,2.6,5.9,,0.3,33,,95.6,,92.1,,17.3,95.6,,10.3,84.4,,50.4,96.2,,99.2,,98.4,98.2,,99.6,99.5,,1,100,,"1,295",
418,LAO,Lao People¡¦s Democratic Republic,LDC,29.8,,37.3,,19.6,31.6,,"4,277",54.4,55.5,,7.1,52.4,,4.8,9.6,,22.3,,0,0,,0,0,,5.4,21.1,,2.4,68,,74.8,,73.7,,40.4,81.6,,27.7,49.6,,126.1,89.9,,75.9,,53.6,48.4,r16,87.5,83.4,,1,96,t15,"2,503",
422,LBN,Lebanon,ODC,28.5,,17.1,,5.6,7.9,,"2,825",17.9,9.9,,5.5,24.8,,13,26,,39.9,,3,8.4,,100,100,,4.5,16.4,,0.4,34.8,,88.8,,94.8,,17.4,95.5,,7.4,90.2,,20.6,98.7,,82.7,,59,54.4,r17,95.3,93.7,,1.1,100,t16,"6,514",
426,LSO,Lesotho,LDC,47.8,,49.6,,6.6,9.5,,"8,371",89.2,99.1,,7.9,65.4,,12.2,24.3,,46,,0,0,,68.6,68.6,,6.3,26.1,,8.2,89.4,,60.7,,52.2,,72.2,62.3,,31.8,41.4,,566.2,53,,69.1,,38.1,31.2,,82,76,,1.8,100,,"1,184",
430,LBR,Liberia,LDC,45.9,,66.9,,74.5,100,,"5,355",51.1,51.3,,7.9,64.7,,25.8,51.6,,24.9,,11.7,33.5,,0,0,,4.2,14.5,,0.9,51.4,,50.6,,53.1,,73.2,61.7,,26.6,51.8,,652.3,45.8,,48.1,,22,13.4,,48.3,31.1,s13,1.1,100,,473,
434,LBY,Libya,ODC,29.5,,32.8,,3.6,4.4,,"2,494",11.4,1.8,,7.9,65.3,,29.9,59.8,,26.1,,6.8,19.5,,78.1,78.1,,2.8,6.8,,0,0,,70.4,,64.9,,10.3,99.8,,52.2,0.6,,72.1,94.4,,75.8,,62,57.8,r18,91.4,88.5,s10,0.9,81.1,t17,"7,103",
450,MDG,Madagascar,LDC,32.3,,43.3,,24.9,40.5,,"7,539",68.8,73.5,,6.4,40.3,,9.5,18.9,,21.3,,4.3,12.3,,6.1,6.1,,3.9,12.8,,1.1,54,,58.6,,53.9,,65.8,66.2,,38.6,27.8,,391.5,67.7,,63.4,,28.1,20.1,,77.5,70,,1.1,100,,487,
454,MWI,Malawi,LDC,43.2,,48.5,,27.7,45.3,,"7,018",80.1,87.6,,6.8,46.3,,7.4,14.9,,37.9,,0,0,,28.8,28.8,,7.1,30.5,,9.7,92.4,,60.5,,62.4,,40.1,81.8,,34,37,,380.7,68.6,,58.6,,26.5,18.3,,68.1,57.4,,1.2,100,,606,
458,MYS,Malaysia,ODC,22.9,,22.7,,9,13.5,,"5,166",49.2,49,,4.8,13.8,,7.1,14.3,,23.1,,10.1,28.9,,0,0,,3.5,10.9,,1,52.5,,89.1,,86.6,,7.8,100,,21.9,61.2,,21.1,98.7,,91.5,,83.1,81.2,r3,95,93.3,s15,1,100,t3,"10,958",
462,MDV,Maldives,ODC,49.7,,46.6,,6.6,9.6,,"5,484",52.3,52.9,,8,66.5,,28.8,57.6,,52.8,,100,100,h3,0,0,,8.3,37,,3.5,74.3,,94.3,,91,,5.6,100,,13.9,77.2,,56.7,95.7,,97.6,,96,95.6,,97.9,97.1,,1.1,100,,"9,068",
466,MLI,Mali,LDC,49,,54.1,,38.3,63.3,,"4,704",59.3,61.7,,8.9,82.3,,4.5,9,,43.9,,0,0,,84.5,84.5,,5.3,20.3,,2.8,70.7,,46.7,,56.7,,93.8,49.2,,23.8,57.4,,440.2,63.6,,36.7,,28.1,20.1,,30.8,7.7,,0.9,82.3,,838,
584,MHL,Marshall Islands,ODC,63.6,,55.2,,21.3,34.4,,"8,252",73.5,79.4,,8.6,77.5,,14.8,29.5,,72.1,,68,100,,0,0,,17.8,88.3,,28.2,100,,82.7,,75.1,,28.6,88.7,,30.5,44,,93.7,92.6,p1,90.3,,76,73.4,r19,98.3,97.7,s16,1.1,100,t18,"7,291",
478,MRT,Mauritania,LDC,52.9,,41.9,,20.6,33.2,,"4,473",41.7,39.7,,7.9,65.3,,14.7,29.5,,63.8,,21,60,,93,93,,2.6,6.1,,12,96.1,,64.5,,68.2,,39.2,82.3,,22.1,60.8,,463.8,61.6,,60.7,,41.4,34.9,,67,55.9,,0.9,91.2,,"1,797",
480,MUS,Mauritius,ODC,20.9,,31.3,,3.7,4.6,,"7,654",69.6,74.5,,5.5,25,,10.5,21,,10.5,,1.7,4.9,,0,0,,4.8,17.8,,0.2,19.5,,92.6,,92.7,,15,97,,8.6,87.8,,84.4,93.4,,92.4,,89,87.8,r7,92.2,89.5,,1.1,100,t7,"9,948",
484,MEX,Mexico,ODC,25.6,,30.7,,4,5.1,,"7,007",65,68.8,,6.4,39.4,,4.7,9.3,,20.6,,1.1,3,,52,52,,1.8,1.9,,0.2,25.5,,92.9,,91.2,,12.8,98.3,,12.6,79.8,,59.1,95.5,,94.6,,91.2,90.2,,95.2,93.7,,1,100,,"9,917",
583,FSM,Micronesia (Federated States of),ODC,48.2,,57,,23.7,38.5,,"7,698",69.9,74.9,,9.5,91.7,,11.5,23,,39.3,,23.2,66.3,,0,0,,5.4,21.1,,2.7,69.7,,86.9,,86,,24.2,91.4,,16.2,72.5,o1,74.3,94.2,,87.8,,76.3,73.7,r3,92.4,89.9,s17,1.1,100,t3,"4,088",
496,MNG,Mongolia,ODC,49.1,,45.1,,14.5,22.9,,"3,800",48.3,47.9,,9,82.7,,13.5,27,,53,,0,0,,95.8,95.8,,10.6,49.3,,2.3,67,,97.7,,95.9,,13.4,97.9,,6.1,92.8,,39.5,97.1,,99.4,,99.3,99.2,,99.2,98.9,,1,100,,"3,921",
504,MAR,Morocco,ODC,24.7,,15.6,,12.2,19,,"2,831",18,10,,5.4,22.8,,5.2,10.5,,33.8,,1.4,4.1,,99.2,99.2,,7.4,32,,0,0,,84.7,,89.8,,17.3,95.6,,12.8,79.4,,71.9,94.4,,79.7,,72.3,69.2,r3,77.3,69.8,,1.2,100,t3,"3,608",
508,MOZ,Mozambique,LDC,41,,47.6,,30.1,49.4,,"8,081",72.4,78,,6.6,43,,10,20,,34.5,,2.8,8,,29.2,29.2,,7.7,33.3,,2.3,67.3,,45.8,,62.6,,66.2,65.9,,36.4,32.2,,127.1,89.8,,29,,10.9,1,r7,59.8,46.4,,0.6,39.5,t7,491,
104,MMR,Myanmar,LDC,30.2,,31.8,,22.3,36.1,,"4,353",40.3,37.9,,6.3,37.9,,7.5,15.1,,28.7,,6.8,19.5,,0,0,,5.5,21.4,,3.4,74,,76.3,,74.7,,40.1,81.8,,24.1,56.8,,178.7,85.5,,77.9,,53.4,48.3,,89.1,85.4,,1.1,100,,"1,381",
516,NAM,Namibia,ODC,42.6,,37.3,,9.8,14.9,,"7,722",70.1,75.1,,6.8,47.1,,6.1,12.3,,47.9,,0.2,0.5,,90.8,90.8,,2.3,4.3,,12.1,96.2,,78.7,,79,,37.9,83.1,,16.8,71.4,,214.6,82.5,,78.4,,51.1,45.6,r20,92.3,89.7,,1.4,100,t19,"4,743",
520,NRU,Nauru,ODC,52.6,,61,,2.4,2.4,,"8,561",75.4,81.8,,9.1,85.7,,37,74.1,,44.3,,42,100,h2,0,0,,2,2.7,,3.5,74.4,,88.7,,88.1,,26.5,90,,14.8,75.4,,17.1,99,p1,89.3,,75.4,72.7,r3,96.5,95.3,s18,1,100,t3,"17,231",
524,NPL,Nepal,LDC,29.7,,40.1,,25.2,41,,"3,974",50.6,50.8,,7.5,58.5,,5,10,,19.2,,0,0,,0.7,0.7,,2.3,4.3,,3,72,,76.3,,75.6,,27.3,89.5,,26.7,51.6,,174.4,85.8,,76.9,,72.3,69.3,,71.2,61.5,,1.1,100,,"1,300",
558,NIC,Nicaragua,ODC,29.5,,38.8,,17.9,28.7,,"6,838",63.8,67.2,,6.9,48.1,,5.6,11.2,,20.3,,1.8,5.1,,3,3,,3,8.1,,2,65,,81.8,,88.6,,15.2,96.8,,14.9,75.2,,77.9,93.9,,75,,53.4,48.2,r5,82.6,76.8,s19,1.2,100,t20,"1,941",
562,NER,Niger,LDC,54.2,,53.8,,39.5,65.3,,"4,361",55.4,56.8,,9.2,85.8,,3.5,7.1,,54.7,,0,0,,98.2,98.2,,6.6,27.4,,10.2,93.2,,25.5,,36.2,,117.3,34.9,,47.4,10.2,,441.1,63.5,,14.7,,34,26.7,,38.1,17.5,,0.4,0,,589,
566,NGA,Nigeria,ODC,33.7,,37.6,,24.1,39.1,,"4,985",47.4,46.7,,7.2,53.2,,5.7,11.4,,29.8,,3.5,10.1,,35,35,,5.2,19.9,,1.1,54.3,,48.4,,30.2,,107.2,41.1,,34.2,36.6,,1047.2,12.8,,66.5,,73,70,,62,49.4,,0.9,80.3,,"2,014",
512,OMN,Oman,ODC,23.4,,23.8,,2.2,2,,"4,435",41.3,39.1,,6.3,38.9,,7.6,15.3,,23,,6.8,19.6,,50.5,50.5,,5.6,22.1,,0,0,,93.5,,92.8,,10.5,99.7,,12.7,79.6,,17,99,,94.2,,90.1,89,r3,97.3,96.5,,1,97,t3,"18,507",
586,PAK,Pakistan,ODC,29.4,,23,,23.7,38.5,,"3,984",35.7,32.2,,5,17.4,,2,4,,35.7,,0.4,1.3,,79.4,79.4,,3.4,10.5,,0.9,51.5,,61.4,,64.5,,61,69.1,,34,37,,154.2,87.5,,58.3,,50.1,44.6,,58,44,,0.9,86.4,,"1,421",
585,PLW,Palau,ODC,55.2,,54.4,,3.9,5,,"6,141",58.2,60.2,,8.3,71.2,,40.5,81.1,,56,,38.2,100,h2,0,0,,6.2,25.2,j1,13.9,98.7,,92,,85.5,,22.3,92.5,,18.9,67.1,o2,42,96.9,p1,98.5,,100.4,100,r15,96.6,95.5,s19,1.1,100,t14,"16,504",
591,PAN,Panama,ODC,22.9,,30.8,,2.8,3.1,,"6,745",63,66.3,,6.1,35.7,,9.1,18.2,,15,,6,17.2,,0,0,,1.9,2.3,,0.5,40.7,,91.6,,90.6,,13.3,98,,13.8,77.4,,49.5,96.3,,92.6,,85.1,83.4,r21,95.7,94.3,,1.1,100,t21,"14,856",
598,PNG,Papua New Guinea,ODC,29.6,,43.8,,19,30.5,,"8,089",72.5,78.1,,7.3,55,,5.9,11.7,,15.4,,7.6,21.6,,0,0,,1.9,2.1,,0.4,37.9,,57,,56,,41.4,81,,51.2,2.6,,191.8,84.4,,57.9,,29.6,21.8,,64,52,s10,1.3,100,,"2,558",
600,PRY,Paraguay,ODC,35.7,,44.1,,11.8,18.3,,"8,773",91.7,100,,6.9,48.9,,4.6,9.1,,27.4,,0,0,,2.1,2.1,,9.5,43.4,,1.9,64.1,,93.2,,96.1,,17.4,95.5,,3.4,98.2,,71.1,94.5,,90.4,,80.6,78.4,,94.5,92.7,,1.1,100,,"5,742",
604,PER,Peru,ODC,31.7,,34.3,,8.3,12.3,,"8,361",74.2,80.2,,6.3,38.1,,3.2,6.4,,29.1,,0.7,1.9,,38.1,38.1,,2.1,3.1,,3.3,73.4,,93.8,,92.1,,15.1,96.9,,10.1,84.8,,68.5,94.7,,95.4,,94.1,93.4,,94.5,92.7,,1,100,,"6,376",
608,PHL,Philippines,ODC,26.9,,24.7,,9.9,15.1,,"4,927",46.8,45.9,,5.7,28.6,,4.7,9.3,,29.1,,10.5,30.1,,0,0,,1.8,1.4,,6.4,85,,84.1,,76.9,,27.5,89.4,,28.8,47.4,,78.2,93.9,,91.4,,81.2,79.1,,96.3,95,,1.2,100,,"3,625",
634,QAT,Qatar,ODC,26.2,,24.3,,0.3,0,,"4,046",36.5,33.2,,6.8,47.5,,8.3,16.6,,28.2,,6.7,19.3,,0,0,,10.7,49.8,,0.6,43.6,,98.1,,98.7,,5.2,100,,4.4,96.2,,7.6,99.8,,97.5,,95.8,95.4,r10,97.7,97,s20,1,100,t5,"63,821",
646,RWA,Rwanda,LDC,28.2,,47.1,,27.3,44.6,,"5,796",70.2,75.2,,7.4,56.2,,6.1,12.2,,9.4,,0,0,,0,0,,7.4,31.7,,0.1,5.9,,66.8,,69.1,,38,83,,29.8,45.4,,258.9,78.8,,64.5,,33.1,25.6,,75.9,67.9,,1.1,100,,843,
659,KNA,Saint Kitts and Nevis,ODC,35.5,,31.5,,1.4,0.7,,"5,466",52.1,52.7,,7.2,52.9,,9.8,19.5,,39.4,,15.2,43.4,h1,0,0,,24.9,100,,0.1,14.4,,96.4,,93.8,,15.4,96.7,,9.2,86.5,o3,28,98.1,p1,99,,120.4,100,r22,97.8,97.1,s21,1.1,100,t22,"19,412",
662,LCA,Saint Lucia,ODC,36,,44,,2.1,1.8,,"5,659",53.9,54.9,,9,83.6,,17.9,35.7,,28,,3.2,9.1,,0,0,,8.9,40,,1.8,62.9,,96.4,,96.6,,17.3,95.6,,2.5,100,,73.3,94.3,,96.3,,96.2,95.8,r10,94.8,93.1,s22,1,100,t5,"9,744",
670,VCT,Saint Vincent and the Grenadines,ODC,34.7,,41.6,,7.4,10.9,,"5,727",54.6,55.7,,8.4,72.9,,13.4,26.7,,27.9,,8.9,25.3,h1,0,0,,3,7.9,,4.3,78.2,,96.1,,94.2,,10.9,99.5,,8.6,87.8,o1,61.8,95.2,,98.1,,108.4,100,r23,95.7,94.3,s23,1.1,100,t23,"8,669",
882,WSM,Samoa,ODC,37.5,,46.6,,11.1,17,,"9,470",80.6,88.3,,7.1,51.2,,14.9,29.8,,28.4,,8.8,25.2,,0,0,,7.2,30.6,,1.3,57.7,,96.2,,94,,16.1,96.3,,7.4,90.2,,59.1,95.5,,98.5,,97,96.6,,99.1,98.8,,1,100,,"3,820",
678,STP,Sao Tome and Principe,LDC,40,,39.1,,13.4,21,,"5,536",52.8,53.5,,7.8,63.8,,9.1,18.1,,40.9,,21.8,62.4,h1,0,0,,4.4,15.8,,6.6,85.6,,91.4,,90.2,,14.5,97.3,,10,85,,146.2,88.2,,92.6,,87.4,86,,93.8,91.7,,1.1,100,,"2,271",
682,SAU,Saudi Arabia,ODC,20.3,,19.6,,2.8,3.1,,"3,885",34.4,30.5,,6.3,38.8,,3,6.1,,21,,3.2,9.2,,51.2,51.2,,5.9,23.6,,0,0,,93.9,,93.1,,6.4,100,,12.4,80.2,,16.2,99.1,,94.6,,90.8,89.8,r24,97.6,96.8,,1,97.3,t24,"24,759",
686,SEN,Senegal,LDC,42.3,,31.8,,17.8,28.4,,"4,812",45.5,44.4,,6.7,44.7,,4.8,9.7,,52.8,,7,20.1,,90.6,90.6,,14.2,68.7,,0.3,31.9,,66.7,,77.7,,37,83.7,,17,71,,260.9,78.6,,55.6,,31,23.3,,57.7,43.6,,1.2,100,,"1,558",
690,SYC,Seychelles,ODC,36.8,,42.3,,2.5,2.5,,"6,418",60.5,63.1,,7.6,59.2,,22.1,44.2,,31.3,,28.5,81.4,,0.6,0.6,,6.4,26.5,,0.1,16.6,,96.7,,96,,14.5,97.3,,7.2,90.6,,3.3,100,,97.5,,97.8,97.6,r3,96.2,94.9,,1.1,100,t3,"14,841",
694,SLE,Sierra Leone,LDC,38.7,,60,,60.7,100,,"5,241",50,49.9,,7.2,53.2,,18.5,36.9,,17.4,,3.5,10.1,,0,0,,11.9,56.3,,0.1,3.1,,55.3,,53.8,,100.8,44.9,,26,53,,442.8,63.4,,56.9,,45.3,39.2,,48.6,31.5,,1,100,,497,
702,SGP,Singapore,ODC,21.9,,24.6,,0,0,,"5,310",50.6,50.8,,5.1,18.3,,14.7,29.5,,19.1,,0.7,1.9,,0,0,,9.8,44.6,,0.3,29.8,,98.5,,99.6,,2.2,100,,3,99,,7.5,99.8,,97.4,,97.8,97.5,r15,97.1,96.2,,1,98.5,t14,"58,242",
90,SLB,Solomon Islands,LDC,49.6,,58.2,,33.7,55.5,,"8,805",76.9,83.6,,8.6,77.5,,8.1,16.2,,41,,17.9,51,,0,0,,7.1,30,,5.7,82.9,,79.4,,76.9,,18.3,95,,29.8,45.4,,122.2,90.2,,82,,70.4,67.1,r2,84.1,78.8,s24,1.1,100,t2,"2,281",
706,SOM,Somalia,LDC,54.4,,60.2,,60.2,100,,"5,734",54.6,55.8,,8.1,68.5,,8.3,16.6,,48.6,,3.5,10.1,,97,97,,3.2,9,,4.3,78.1,,31.8,,53.1,,106.1,41.7,,18,69,,620.7,48.5,,10.6,,19.5,10.5,r25,41,21.4,,0.4,0,t25,573,
710,ZAF,South Africa,ODC,32.7,,27.3,,2.9,3.3,,"8,802",76.9,83.6,,4.9,15.5,,3.3,6.6,,38.1,,0.2,0.6,,78.8,78.8,,3,8.4,,2,64.5,,84.7,,78.1,,34.5,85.1,,22.8,59.4,,126.8,89.8,,91.3,,88.5,87.3,,90,86.7,,1.1,100,,"6,498",
728,SSD,South ?Sudan,LDC,54.5,,60.4,,4.1,5.2,,"5,164",64.2,67.7,,10.2,100,,34.3,68.6,,48.6,,0,0,,64.2,64.2,,8.1,35.6,,11,94.6,,19.3,,31.8,,98.8,46.2,,27.9,49.2,,1222.5,0,,6.7,,10.5,0.5,r6,34.5,12.7,,0.4,7,t6,395,
144,LKA,Sri Lanka,ODC,23.9,,21.8,,9.1,13.7,,"5,161",49.2,49,,5,17.4,,3.6,7.2,,26,,3.8,11,,0,0,,4.9,18.1,,3.6,74.9,,91.1,,90.4,,6.5,100,,15.9,73.2,,28.8,98,,91.8,,87,85.6,r26,92.4,89.9,,1,100,t26,"3,910",
729,SDN,Sudan,LDC,46.4,,37.7,,20.1,32.4,,"4,197",38.4,35.6,,7.8,63.8,,9.5,19,,55.1,,0.5,1.5,,85.4,85.4,,9.7,44.3,,8.2,89.3,,62,,61.9,,51.6,74.8,,36,33,,270.4,77.8,,62.1,,47.3,41.5,,60.7,47.6,,1,97.3,,619,
740,SUR,Suriname,ODC,41.8,,43.4,,8.6,12.9,,"6,137",58.1,60.2,,8.8,80.6,,9.9,19.8,,40.1,,71.3,100,,0,0,,7,29.8,,0.3,30.8,,87.5,,92.7,,16.6,96,,7.6,89.8,,96.5,92.3,,82.2,,58,53.3,,95,93.3,,1.3,100,,"5,498",
760,SYR,Syrian Arab Republic,ODC,43.3,,35.2,,33.2,54.5,,"2,878",18.9,11.1,,5.7,28.9,,23.1,46.1,,51.4,,0.4,1.1,,100,100,,8.9,39.8,,2,64.7,,77.1,,81.7,,21.4,93.1,,25.4,54.2,,29.9,97.9,,72.6,,42.4,36,r27,86.3,81.7,s20,1.2,100,t27,819,
762,TJK,Tajikistan,ODC,40.3,,43,,25.5,41.5,,"3,889",49.5,49.4,,7.8,62.7,,9.2,18.5,,37.7,,0,0,,57.3,57.3,,5.9,23.9,,2.6,69.5,,93.4,,88.5,,30.3,87.7,,13.1,78.8,,16.6,99,,98.4,,98.2,98,,99.8,99.7,s5,1,97.4,,"1,142",
764,THA,Thailand,ODC,26.9,,17.4,,8.7,13.1,,"4,492",42,40,,4,0,,8.2,16.4,,36.4,,17.5,49.9,,0,0,,3.7,11.8,,6,84,,93.5,,93.1,,8.1,100,,11.8,81.4,,28.6,98,,93.8,,90.4,89.4,,94.1,92.1,,1.1,100,,"7,092",
626,TLS,Timor-Leste,LDC,41.3,,61,,10.7,16.4,,"6,830",63.7,67.1,,7.6,60.6,,57,100,,21.5,,3,8.5,,3.1,3.1,,5.3,20.6,,1.1,53.9,,65.6,,58.3,,48.6,76.6,,45.1,14.8,,203.9,83.4,,72.9,,63,58.8,,69.9,59.9,,1.2,100,,"2,314",
768,TGO,Togo,LDC,29.1,,32.4,,20.9,33.8,,"5,047",48,47.5,,6.4,40.5,,3.9,7.9,,25.8,,1.1,3.2,,3.1,3.1,,3.8,12.3,,6.3,84.7,,61.1,,65.6,,60.4,69.5,,22.3,60.4,,399,67,,56.6,,45.2,39.2,,66.5,55.4,,0.9,75.3,,942,
776,TON,Tonga,ODC,48.3,,53,,20.9,33.8,,"10,181",84.4,93,,7.3,55.4,,15,29.9,,43.6,,17.5,50,,0,0,,9.2,41.4,,5.7,83,,95.7,,96.4,,10.9,99.4,,1.8,100,,125.6,89.9,,95,,87.3,85.9,,99.4,99.2,,1.1,100,,"4,998",
780,TTO,Trinidad and Tobago,ODC,27.6,,31.7,,1.5,0.9,,"5,930",56.4,58,,6.6,43.4,,12.3,24.7,,23.4,,4,11.5,,0,0,,6.8,28.7,,1,53.4,,95.6,,94.1,,15.4,96.7,,8.8,87.4,,26.6,98.2,,97.1,,93.3,92.5,r7,99,98.7,s10,1,100,t7,"15,046",
788,TUN,Tunisia,ODC,26.5,,12.8,,10.9,16.7,,"2,183",4.6,0,,5.2,20,,7.2,14.4,,40.3,,8.9,25.5,,97.6,97.6,,8.5,37.9,,0,0,,92.2,,94.8,,11.5,99.1,,8.6,87.8,,36.6,97.4,,89.6,,91.6,90.6,,83.6,78.1,,1.1,100,,"3,527",
792,TUR,Turkey,ODC,12.2,,4.6,,7,10.1,,"2,197",4.9,0,,3.1,0,,4.2,8.3,,19.7,,2.6,7.4,,60.1,60.1,,2.3,4.1,,0.1,7.3,,97,,97.7,,9.6,100,,5.5,94,,17.3,99,,96.3,,96,95.6,r20,96.7,95.7,,1,97.6,t19,"9,887",
795,TKM,Turkmenistan,ODC,34.8,,39.9,,11.1,17.2,,"3,696",46.8,46.1,,8.7,78,,9.1,18.3,,29.8,,0,0,,100,100,,5.1,19.2,,0,0,,95.4,,91.1,,40.4,81.6,,6.7,91.6,,5.1,100,,99.8,,99.7,99.7,,99.7,99.6,s5,1,100,,"8,011",
798,TUV,Tuvalu,LDC,50.8,,54.5,,9.1,13.7,,"9,359",80,87.5,,9.1,85.3,,15.8,31.5,,47.1,,94.7,100,h2,0,0,,2.1,3.1,,6.6,85.5,,92.9,,93.3,,20.4,93.7,,5.2,94.6,,104.5,91.7,p1,92.4,,79.8,77.6,,99.8,99.7,s25,1.3,100,,"6,830",
800,UGA,Uganda,LDC,28.2,,45.3,,26.5,43.2,,"5,618",68.6,73.2,,7.3,55.1,,5,10,,11.1,,0,0,,3.1,3.1,,7,29.8,,0.1,11.6,,66.3,,72.1,,40.5,81.5,,23.4,58.2,,284.1,76.6,,60.5,,27.8,19.8,,80.6,74.1,,0.9,87.8,,909,
784,ARE,United Arab Emirates,ODC,35.4,,18,,0.9,0,,"4,217",38.7,35.9,,5.1,19.1,,8.5,17.1,,52.8,,26.7,76.3,,55,55,,12.6,60.1,,0.2,19.6,,94.3,,92,,5.3,100,,14.4,76.3,o1,9.3,99.6,,96.7,,111.7,100,r8,98.3,97.7,,1,92.4,t8,"44,953",
834,TZA,United Republic of Tanzania,LDC,29.5,,39.2,,28.6,46.8,,"6,416",60.4,63.1,,6.5,42.1,,2.4,4.9,,19.8,,0.4,1.1,,32.9,32.9,,6,24.6,,0.2,20.6,,68.1,,68.6,,40.5,81.5,,30.6,43.8,,238.3,80.5,,67.5,,33.9,26.6,,82,76,,1.1,100,,"1,093",
858,URY,Uruguay,ODC,30.3,,35.8,,8.2,12.3,,"9,589",81.3,89.1,,6.1,35.8,,3.1,6.1,,24.9,,2.2,6.3,,0,0,,6.5,26.9,,2.2,66.3,,93,,97.2,,6.6,100,,6.1,92.8,,18.6,98.9,,88.8,,71.1,67.9,,98.8,98.4,,1.1,100,,"17,402",
860,UZB,Uzbekistan,ODC,31.2,,37.4,,26.2,42.6,,"3,834",48.7,48.4,,6.6,44.2,,7.3,14.5,,24.9,,0,0,,93.6,93.6,,2.6,6.2,,0,0,,97.6,,95.7,,13.3,98,,6.9,91.2,,30.2,97.9,,99.4,,98.5,98.3,,100,100,,1,100,,"2,012",
548,VUT,Vanuatu,ODC,46,,57.1,,23.8,38.7,,"9,603",81.4,89.2,,7.9,64.2,,18.2,36.3,,35,,10.1,28.9,,0,0,,6.6,27.3,,5.9,83.6,,75.8,,76.6,,18.2,95,,31.4,42.2,,94.4,92.5,,75,,45.7,39.7,r28,89.1,85.5,,1.1,100,t28,"3,420",
862,VEN,Venezuela (Bolivarian Republic of),ODC,30,,37.9,,5.2,7.1,,"6,103",57.9,59.8,,7.4,56.4,,14,28.1,,22.2,,4.1,11.6,,19.7,19.7,,5.3,20.5,,0.4,36.9,,88,,84.7,,24.2,91.4,,10.5,84,,259.2,78.7,,91.4,,79.6,77.4,r29,97.6,96.8,,1.1,100,t20,"3,603",
704,VNM,Viet Nam,ODC,28.3,,20.7,,13.5,21.3,,"4,147",37.8,34.8,,4.9,14.5,,6.2,12.4,,36,,29.7,84.8,,0,0,,1.5,0.2,,1.4,58.9,,89.5,,83.4,,20.3,93.7,,19.3,66.4,,124.3,90,,95.6,,93.2,92.4,,95.8,94.3,,1,100,,"3,693",
887,YEM,Yemen,LDC,41.3,,38.9,,19.5,31.4,,"4,549",42.6,40.8,,7.4,56.1,,13.6,27.1,,43.7,,1.6,4.5,,91,91,,5.6,22.2,,1.3,57.2,,62.5,,67,,41.3,81,,35.1,34.8,,183.4,85.1,,57.9,,52.8,47.6,r30,70,59.9,s10,0.8,66.3,t29,350,
894,ZMB,Zambia,LDC,39.8,,44.1,,3.3,3.9,,"7,109",80.8,88.5,,7.8,63.5,,10.3,20.6,,35.6,,0,0,,46.6,46.6,,7.9,34.5,,1.6,61.2,,71.4,,67.9,,55.6,72.4,,31.4,42.2,,134.7,89.1,,74.9,,47.2,41.3,,87.5,83.3,,1.1,100,,"1,113",
716,ZWE,Zimbabwe,ODC,46.5,,51.1,,8.9,13.4,,"7,358",82.6,90.7,,7.9,64.6,,17.8,35.6,,41.9,,0,0,,70.6,70.6,,5.7,22.9,,3.4,74.1,,77.8,,69.8,,47.7,77.1,,21.6,61.8,,356.8,70.6,,85.8,,73.8,70.9,,89.8,86.5,,1.1,100,,"1,463",
,,,,,,,,,,,,,,,,,,,,,,,,,,,,,,,,,,,,,,,,,,,,,,,,,,,,,,,,,,,,
,Bounds/thresholds:,,,32,,,,1,,,,10,,,4,,,0,,,,,0,,,0,,,1.5,,,0.05,,,66,,,,10,,,2.5,,,5,,,,,10,,,25,,,0.4,,,1306,
,,,,,,,,60,,,,90,,,10,,,50,,,,,35,,,100,,,20,,,15,,,,,,,175,,,52.5,,,1200,,,,,100,,,100,,,1,,,3918,
,,,,,,,,,,,,,,,,,,,,,,,,,,,,,,,,,,,,,,,,,,,,,,,,,,,,,,,,,,,,
,Footnotes,,,,,,,,,,,,,,,,,,,,,,,,,,,,,,,,,,,,,,,,,,,,,,,,,,,,,,,,,,,
,a,The EVI is calculated as 1/2 of the Economic vulnerability index and 1/2 of the Environmental vulnerability index.,,,,,,,,,,,,,,,,,,,,,,,,,,,,,,,,,,,,,,,,,,,,,,,,,,,,,,,,,,
,b,"The Economic vulnerability index is calculated as 1/4 of the Share of agriculture, forestry and fisheries, 1/4 of the Remoteness and landlockedness, 1/4 of the Export concentration and 1/4 of the Export instability.",,,,,,,,,,,,,,,,,,,,,,,,,,,,,,,,,,,,,,,,,,,,,,,,,,,,,,,,,,
,c,"Source: United Nations, Department of Economic and Social Affairs (DESA), Statistics Division, National Accounts Main Aggregates Database (available at https://unstats.un.org/unsd/snaama/, accessed 16 Jan 2024). Data refer to 2020-2022 average.",,,,,,,,,,,,,,,,,,,,,,,,,,,,,,,,,,,,,,,,,,,,,,,,,,,,,,,,,,
,d,"Source: United Nations, Department of Economic and Social Affairs (DESA), CDP Secretariat, based on distance data by Centre d'Etudes Prospectives et d'Informations Internationales (CEPII) and data on exports and imports of goods and services (2020-2022 average) from United Nations, Department of Economic and Social Affairs (DESA), Statistics Division, National Accounts Main Aggregates Database (available at https://unstats.un.org/unsd/snaama/, accessed 16 Jan 2024). The average distance to world markets is in km, the adjusted value is an index based on average distance and landlockedness.",,,,,,,,,,,,,,,,,,,,,,,,,,,,,,,,,,,,,,,,,,,,,,,,,,,,,,,,,,
,e,"Source: United Nations, Department of Economic and Social Affairs (DESA), CDP Secretariat, based on export concentration data from United Nations Conference on Trade and Development (UNCTAD), UNCTADstat (available at http://unctadstat.unctad.org, accessed 7 Nov 2023). Data refer to 2020-2022 average.",,,,,,,,,,,,,,,,,,,,,,,,,,,,,,,,,,,,,,,,,,,,,,,,,,,,,,,,,,
,f,"Source: United Nations, Department of Economic and Social Affairs (DESA), CDP Secretariat, based on constant exports of goods and services data and trade dependency (ratio of exports plus imports to GDP) from United Nations, Department of Economic and Social Affairs (DESA), Statistics Division, National Accounts Main Aggregates Database (available at https://unstats.un.org/unsd/snaama/, accessed 16 Jan 2024). Instability values are based on data from 2002-2022 and trade dependency weights are 2020-2022 averages.",,,,,,,,,,,,,,,,,,,,,,,,,,,,,,,,,,,,,,,,,,,,,,,,,,,,,,,,,,
,g,"The Environmental vulnerability index is calculated as 1/4 of the Share of population in low elevated coastal zones, 1/4 of the Share of population living in drylands , 1/4 of the Agricultural instability and 1/4 of the Victims of disasters.",,,,,,,,,,,,,,,,,,,,,,,,,,,,,,,,,,,,,,,,,,,,,,,,,,,,,,,,,,
,h,"Source: Center for International Earth Science Information Network - CIESIN - Columbia University and CUNY Institute for Demographic Research (CIDR), City University of New York. 2020. Low Elevation Coastal Zone (LECZ) Urban-Rural Population and Land Area Estimates, Version 3. Palisades, NY: NASA Socioeconomic Data and Applications Center (SEDAC) (available at https://sedac.ciesin.columbia.edu/data/set/lecz-urban-rural-population-land-area-estimates-v3, accessed 16 Jan 2024), unless otherwise indicated. Data refer to 2015 population, unless otherwise indicated.",,,,,,,,,,,,,,,,,,,,,,,,,,,,,,,,,,,,,,,,,,,,,,,,,,,,,,,,,,
,h1,"Source: Center for International Earth Science Information Network (CIESIN), Columbia University 2012.  National Aggregates of Geospatial Data Collection: Population, Landscape, And Climate Estimates, Version 3 (PLACE III). Palisades, NY: NASA Socioeconomic Data and Applications Center (SEDAC) (available at http://sedac.ciesin.columbia.edu/data/sets/browse, accessed 16 Jan 2024). Data refer to 2010 population.",,,,,,,,,,,,,,,,,,,,,,,,,,,,,,,,,,,,,,,,,,,,,,,,,,,,,,,,,,
,h2,"Source: Center for International Earth Science Information Network (CIESIN), Columbia University 2012.  National Aggregates of Geospatial Data Collection: Population, Landscape, And Climate Estimates, Version 3 (PLACE III). Palisades, NY: NASA Socioeconomic Data and Applications Center (SEDAC) (available at http://sedac.ciesin.columbia.edu/data/sets/browse, accessed 16 Jan 2024). Data refer to 2000 population.",,,,,,,,,,,,,,,,,,,,,,,,,,,,,,,,,,,,,,,,,,,,,,,,,,,,,,,,,,
,h3,"Source: Center for International Earth Science Information Network (CIESIN), Columbia University 2012.  National Aggregates of Geospatial Data Collection: Population, Landscape, And Climate Estimates, Version 2 (PLACE II). Palisades, NY: NASA Socioeconomic Data and Applications Center (SEDAC) (available at http://sedac.ciesin.columbia.edu/data/sets/browse, accessed 16 Jan 2024). Data refer to 2000 population.",,,,,,,,,,,,,,,,,,,,,,,,,,,,,,,,,,,,,,,,,,,,,,,,,,,,,,,,,,
,i,"Source: United Nations, Department of Economic and Social Affairs (DESA), CDP Secretariat, calculated based on an aridity index derived from high resolution climate data from University of East Anglia Climatic Research Unit (CRU TS version 4) and gridded population data from CIESIN - Columbia University (GPW version 4), accessed 11 Aug 2023. Data refer to 1993-2022 climate data and 2022 population data.",,,,,,,,,,,,,,,,,,,,,,,,,,,,,,,,,,,,,,,,,,,,,,,,,,,,,,,,,,
,j,"Source: United Nations, Department of Economic and Social Affairs (DESA), CDP Secretariat, based on agricultural production data from United Nations Food and Agriculture Organization (FAO), FAOSTAT (available at http://faostat3.fao.org/home/E, accessed 16 Jan 2024). Data refer to period 2001-2021.",,,,,,,,,,,,,,,,,,,,,,,,,,,,,,,,,,,,,,,,,,,,,,,,,,,,,,,,,,
,j1,Data calculated as the regional average of Micronesia for the period 2001-2021.,,,,,,,,,,,,,,,,,,,,,,,,,,,,,,,,,,,,,,,,,,,,,,,,,,,,,,,,,,
,k,"Source: UN Office for Disaster Risk Reduction (UNDRR), Sendai Framework Monitor (SFM) (official dataset received 28 Feb 2024). Data gaps are filled by United Nations, Department of Economic and Social Affairs (DESA), CDP Secretariat calculations, based on disaster data from EM-DAT: The Emergency Events Database - Universite catholique de Louvain (UCL) - CRED, D. Guha-Sapir, Brussels, Belgium (available at https://www.emdat.be/, accessed 16 Jan 2024), and on population data from United Nations, Department of Economic and Social Affairs (DESA), Population Division, World Population Prospects 2022 Revision (available at https://population.un.org/wpp/, accessed 16 Jan 2024). Data refer to the 2008-2022 average.",,,,,,,,,,,,,,,,,,,,,,,,,,,,,,,,,,,,,,,,,,,,,,,,,,,,,,,,,,
,l,The HAI is calculated as 1/2 of the Health index and 1/2 of the Education index.,,,,,,,,,,,,,,,,,,,,,,,,,,,,,,,,,,,,,,,,,,,,,,,,,,,,,,,,,,
,m,"The Health index is calculated as 1/3 of the Under-five mortality rate, 1/3 of the Prevalence of stunting and 1/3 of the Maternal mortality ratio.",,,,,,,,,,,,,,,,,,,,,,,,,,,,,,,,,,,,,,,,,,,,,,,,,,,,,,,,,,
,n,"Source: United Nations Inter-agency Group for Child Mortality estimation (CME), CME Info (available at https://data.unicef.org/topic/child-survival/under-five-mortality/, accessed on 13 Mar 2024). Data refer to 2022.",,,,,,,,,,,,,,,,,,,,,,,,,,,,,,,,,,,,,,,,,,,,,,,,,,,,,,,,,,
,o,"Source: UNICEF/WHO/World Bank Joint Child Malnutrition Estimates - Levels and Trends, 2023 Edition (available at https://data.unicef.org/resources/dataset/malnutrition-data/, accessed 16 Jan 2024), unless otherwise indicated. Data refer to 2022, unless otherwise indicated.",,,,,,,,,,,,,,,,,,,,,,,,,,,,,,,,,,,,,,,,,,,,,,,,,,,,,,,,,,
,o1,"Source: Institute for Health Metrics and Evaluation (IHME). Global Child Growth Failure Geospatial Estimates 2000-2019. Seattle, United States of America: Institute for Health Metrics and Evaluation (IHME), 2020 (available at http://ghdx.healthdata.org/ihme_data, accessed 3 Oct 2023). Data refer to 2019.",,,,,,,,,,,,,,,,,,,,,,,,,,,,,,,,,,,,,,,,,,,,,,,,,,,,,,,,,,
,o2,Data calculated as the regional average of Micronesia for 2022.,,,,,,,,,,,,,,,,,,,,,,,,,,,,,,,,,,,,,,,,,,,,,,,,,,,,,,,,,,
,o3,Data calculated as the regional average of the Caribbean for 2022.,,,,,,,,,,,,,,,,,,,,,,,,,,,,,,,,,,,,,,,,,,,,,,,,,,,,,,,,,,
,p,"Source: United Nations Inter-agency Group for Maternal Mortality. Maternal mortality: Levels and trends 2000 to 2020 (available at https://www.who.int/publications/i/item/9789240068759, accessed on 16 Jan 2024), unless otherwise indicated. Data refer to 2020, unless otherwise indicated.",,,,,,,,,,,,,,,,,,,,,,,,,,,,,,,,,,,,,,,,,,,,,,,,,,,,,,,,,,
,p1,"Source: United Nations Inter-agency Group for Maternal Mortality. Trends in maternal mortality: 1990 to 2015, special dataset (received 1 March 2018). Data refer to 2015.",,,,,,,,,,,,,,,,,,,,,,,,,,,,,,,,,,,,,,,,,,,,,,,,,,,,,,,,,,
,q,"The Education index is calculated as 1/3 of the Lower secondary education completion rate, 1/3 of the Adult literacy rate and 1/3 of the Gender parity index for lower secondary education completion.",,,,,,,,,,,,,,,,,,,,,,,,,,,,,,,,,,,,,,,,,,,,,,,,,,,,,,,,,,
,r,"Source: United Nations Educational, Scientific and Cultural Organisation (UNESCO), Visualizing Indicators of Education for the World (VIEW) (available at https://education-estimates.org/, accessed 16 Jan 2024), unless otherwise indicated. Data refer to the latest available year within the 2019-2023 period, unless otherwise indicated.",,,,,,,,,,,,,,,,,,,,,,,,,,,,,,,,,,,,,,,,,,,,,,,,,,,,,,,,,,
,r1,"Source: United Nations Educational, Scientific and Cultural Organisation (UNESCO), Institute for Statistics (UIS), Data Centre (available at http://sdg4-data.uis.unesco.org/, accessed 16 Jan 2024). Data refer to 2022.",,,,,,,,,,,,,,,,,,,,,,,,,,,,,,,,,,,,,,,,,,,,,,,,,,,,,,,,,,
,r2,"Source: United Nations Educational, Scientific and Cultural Organisation (UNESCO), Institute for Statistics (UIS), Data Centre, 'Gross intake ratio to the last grade of lower secondary education, both sexes' (available at http://sdg4-data.uis.unesco.org/, accessed 16 Jan 2024). Data refer to 2019.",,,,,,,,,,,,,,,,,,,,,,,,,,,,,,,,,,,,,,,,,,,,,,,,,,,,,,,,,,
,r3,"Source: United Nations Educational, Scientific and Cultural Organisation (UNESCO), Institute for Statistics (UIS), Data Centre, 'Gross intake ratio to the last grade of lower secondary education, both sexes' (available at http://sdg4-data.uis.unesco.org/, accessed 16 Jan 2024). Data refer to 2022.",,,,,,,,,,,,,,,,,,,,,,,,,,,,,,,,,,,,,,,,,,,,,,,,,,,,,,,,,,
,r4,"Source: United Nations Educational, Scientific and Cultural Organisation (UNESCO), Institute for Statistics (UIS), Data Centre, 'Gross intake ratio to the last grade of lower secondary education, both sexes' (available at http://sdg4-data.uis.unesco.org/, accessed 16 Jan 2024). Data refer to 2010.",,,,,,,,,,,,,,,,,,,,,,,,,,,,,,,,,,,,,,,,,,,,,,,,,,,,,,,,,,
,r5,"Source: United Nations Educational, Scientific and Cultural Organisation (UNESCO), Education in Latin America and the Caribbean at a crossroads: Regional monitoring report SDG-Education 2030 (available at https://unesdoc.unesco.org/ark:/48223/pf0000382919, accessed 16 Jan 2024). Data refer to 2020.",,,,,,,,,,,,,,,,,,,,,,,,,,,,,,,,,,,,,,,,,,,,,,,,,,,,,,,,,,
,r6,Data refer to 2015.,,,,,,,,,,,,,,,,,,,,,,,,,,,,,,,,,,,,,,,,,,,,,,,,,,,,,,,,,,
,r7,Data refer to 2016.,,,,,,,,,,,,,,,,,,,,,,,,,,,,,,,,,,,,,,,,,,,,,,,,,,,,,,,,,,
,r8,"Source: United Nations Educational, Scientific and Cultural Organisation (UNESCO), Institute for Statistics (UIS), Data Centre, 'Gross intake ratio to the last grade of lower secondary education, both sexes' (available at http://sdg4-data.uis.unesco.org/, accessed 16 Jan 2024). Data refer to 2020.",,,,,,,,,,,,,,,,,,,,,,,,,,,,,,,,,,,,,,,,,,,,,,,,,,,,,,,,,,
,r9,"Source: Global Partnership for Education, Results Report 2022 (available at https://www.globalpartnership.org/content/results-report-2022, accessed 16 Jan 2024). Data refer to 2020.",,,,,,,,,,,,,,,,,,,,,,,,,,,,,,,,,,,,,,,,,,,,,,,,,,,,,,,,,,
,r10,Data refer to 2017.,,,,,,,,,,,,,,,,,,,,,,,,,,,,,,,,,,,,,,,,,,,,,,,,,,,,,,,,,,
,r11,"Source: United Nations Childrens Fund (UNICEF), Global database on completion rate (available at https://data.unicef.org/topic/education/secondary-education/, accessed 16 Jan 2024). Data refer to 2017.",,,,,,,,,,,,,,,,,,,,,,,,,,,,,,,,,,,,,,,,,,,,,,,,,,,,,,,,,,
,r12,"Source: Nations Unies Djibouti, Analyse commune pays, Djibouti, Decembre 2021 (available at https://minio.dev.devqube.io/uninfo-production-main/d00b7e7f-fe9d-43b6-a6cc-45b71c803b7d_Djibouti_CCA_official_janvier_2022_final.pdf, accessed 16 Jan 2024). Data refer to 2020.",,,,,,,,,,,,,,,,,,,,,,,,,,,,,,,,,,,,,,,,,,,,,,,,,,,,,,,,,,
,r13,"Source: United Nations Educational, Scientific and Cultural Organisation (UNESCO), Institute for Statistics (UIS), Data Centre, 'Gross intake ratio to the last grade of lower secondary education, both sexes' (available at http://sdg4-data.uis.unesco.org/, accessed 16 Jan 2024). Data refer to 2015.",,,,,,,,,,,,,,,,,,,,,,,,,,,,,,,,,,,,,,,,,,,,,,,,,,,,,,,,,,
,r14,"Source: Equipo de Pais de las Naciones Unidas (UNCT), Guinea Equatorial Evaluacion Comun para el Pais (CCA) 2017 (available at https://uninfo.org/location/159/unct-overview, accessed 16 Jan 2024). Data refer to 2015.",,,,,,,,,,,,,,,,,,,,,,,,,,,,,,,,,,,,,,,,,,,,,,,,,,,,,,,,,,
,r15,"Source: United Nations Educational, Scientific and Cultural Organisation (UNESCO), Institute for Statistics (UIS), Data Centre, 'Gross intake ratio to the last grade of lower secondary education, both sexes' (available at http://sdg4-data.uis.unesco.org/, accessed 16 Jan 2024). Data refer to 2021.",,,,,,,,,,,,,,,,,,,,,,,,,,,,,,,,,,,,,,,,,,,,,,,,,,,,,,,,,,
,r16,"Source: United Nations Educational, Scientific and Cultural Organisation (UNESCO), Institute for Statistics (UIS), Data Centre (available at http://sdg4-data.uis.unesco.org/, accessed 16 Jan 2024). Data refer to 2017.",,,,,,,,,,,,,,,,,,,,,,,,,,,,,,,,,,,,,,,,,,,,,,,,,,,,,,,,,,
,r17,"Source: Lebanon, Ministry of Education and Higher Education 2021, Lebanon five-year General Education Plan 2021-2025 (available at https://www.mehe.gov.lb/ar/SiteAssets/Lists/News/AllItems/5YP%20MEHE-GE%20__amend1_%20Feb%202022.pdf, accessed 16 Jan 2024). Data refer to 2020.",,,,,,,,,,,,,,,,,,,,,,,,,,,,,,,,,,,,,,,,,,,,,,,,,,,,,,,,,,
,r18,"Source: United Nations Support Mission in Libya (UNISMIL), Common Country Analysis 2021 (available at https://unsmil.unmissions.org/sites/default/files/un_libya_cca_2021_final_1.pdf, accessed 16 Jan 2024). Data refer to 2020.",,,,,,,,,,,,,,,,,,,,,,,,,,,,,,,,,,,,,,,,,,,,,,,,,,,,,,,,,,
,r19,"Source: United Nations, Department of Economic and Social Affairs (DESA), CDP Secretariat, based on Republic of the Marshall Islands, Demographic and Health Survey, 2007 (available at https://sdd.spc.int/digital_library/marshall-islands-demographic-and-health-survey-dhs-2007, accessed 16 Jan 2024). Data refer to 2007.",,,,,,,,,,,,,,,,,,,,,,,,,,,,,,,,,,,,,,,,,,,,,,,,,,,,,,,,,,
,r20,Data refer to 2018.,,,,,,,,,,,,,,,,,,,,,,,,,,,,,,,,,,,,,,,,,,,,,,,,,,,,,,,,,,
,r21,"Source: United Nations Educational, Scientific and Cultural Organisation (UNESCO), Institute for Statistics (UIS), Data Centre (available at http://sdg4-data.uis.unesco.org/, accessed 16 Jan 2024). Data refer to 2019.",,,,,,,,,,,,,,,,,,,,,,,,,,,,,,,,,,,,,,,,,,,,,,,,,,,,,,,,,,
,r22,"Source: United Nations Educational, Scientific and Cultural Organisation (UNESCO), Institute for Statistics (UIS), Data Centre, 'Gross intake ratio to the last grade of lower secondary education, both sexes' (available at http://sdg4-data.uis.unesco.org/, accessed 16 Jan 2024). Data refer to 2016.",,,,,,,,,,,,,,,,,,,,,,,,,,,,,,,,,,,,,,,,,,,,,,,,,,,,,,,,,,
,r23,"Source: United Nations Educational, Scientific and Cultural Organisation (UNESCO), Institute for Statistics (UIS), Data Centre, 'Gross intake ratio to the last grade of lower secondary education, both sexes' (available at http://sdg4-data.uis.unesco.org/, accessed 16 Jan 2024). Data refer to 2018.",,,,,,,,,,,,,,,,,,,,,,,,,,,,,,,,,,,,,,,,,,,,,,,,,,,,,,,,,,
,r24,"Source: United Nations Educational, Scientific and Cultural Organisation (UNESCO), Institute for Statistics (UIS), Data Centre, 'Gross intake ratio to the last grade of lower secondary education, both sexes' (available at http://sdg4-data.uis.unesco.org/, accessed 16 Jan 2024). Data refer to 2011.",,,,,,,,,,,,,,,,,,,,,,,,,,,,,,,,,,,,,,,,,,,,,,,,,,,,,,,,,,
,r25,Data refer to 2011.,,,,,,,,,,,,,,,,,,,,,,,,,,,,,,,,,,,,,,,,,,,,,,,,,,,,,,,,,,
,r26,"Source: Government of the Democratic Socialist Republic of Sri Lanka, Inclusive Transformation towards a Sustainably Developed Nation for All, National Review on the Implementation of the 2030 Agenda for Sustainable Development in Sri Lanka, June 2022 (available at https://hlpf.un.org/countries/sri-lanka/voluntary-national-review-2022, accessed 16 Jan 2024). Data refer to 2020.",,,,,,,,,,,,,,,,,,,,,,,,,,,,,,,,,,,,,,,,,,,,,,,,,,,,,,,,,,
,r27,"Source: United Nations Educational, Scientific and Cultural Organisation (UNESCO), Institute for Statistics (UIS), Data Centre, 'Gross intake ratio to the last grade of lower secondary education, both sexes' (available at http://sdg4-data.uis.unesco.org/, accessed 16 Jan 2024). Data refer to 2023.",,,,,,,,,,,,,,,,,,,,,,,,,,,,,,,,,,,,,,,,,,,,,,,,,,,,,,,,,,
,r28,"Source: The Pacific Community, Pacific Data Hub, Thematic (SDG goal 4) indicators on Education (available at https://stats.pacificdata.org/?lc=en, accessed 16 Jan 2024). Data refer to 2020.",,,,,,,,,,,,,,,,,,,,,,,,,,,,,,,,,,,,,,,,,,,,,,,,,,,,,,,,,,
,r29,"Source: United Nations Educational, Scientific and Cultural Organisation (UNESCO), Institute for Statistics (UIS), Data Centre (available at http://sdg4-data.uis.unesco.org/, accessed 16 Jan 2024). Data refer to 2014.",,,,,,,,,,,,,,,,,,,,,,,,,,,,,,,,,,,,,,,,,,,,,,,,,,,,,,,,,,
,r30,"Source: Yemen, Central Statistical Organization, Yemen Multiple Indicators Cluster Survey (MICS) 2022-2023 (available at https://www.unicef.org/yemen/documents/yemen-mics-multiple-indicator-cluster-survey, accessed 16 Jan 2024). Data refer to 2022.",,,,,,,,,,,,,,,,,,,,,,,,,,,,,,,,,,,,,,,,,,,,,,,,,,,,,,,,,,
,s,"Source: United Nations Educational, Scientific and Cultural Organisation (UNESCO), Institute for Statistics (UIS), Data Centre (available at http://data.uis.unesco.org/, accessed 16 Jan 2024), unless otherwise indicated. Data refer to the latest available year within the 2018-2022 period, unless otherwise indicated.",,,,,,,,,,,,,,,,,,,,,,,,,,,,,,,,,,,,,,,,,,,,,,,,,,,,,,,,,,
,s1,"Source: World Bank, World Development Indicators (WDI) database (available at https://databank.worldbank.org/source/world-development-indicators, accessed 19 Sep 2023). Data refer to 2015.",,,,,,,,,,,,,,,,,,,,,,,,,,,,,,,,,,,,,,,,,,,,,,,,,,,,,,,,,,
,s2,"Source: World Bank, World Development Indicators (WDI) database (available at https://databank.worldbank.org/source/world-development-indicators, accessed 19 Sep 2023). Data refer to 2018.",,,,,,,,,,,,,,,,,,,,,,,,,,,,,,,,,,,,,,,,,,,,,,,,,,,,,,,,,,
,s3,"Source: International Monetary Fund (IMF), IMF Country Report No. 15/203, 2015 Article IV Consultation - Press Release; and Staff Report, July 2015 (available at http://www.imf.org/external/country/, accessed 16 Jan 2024). Data refer to 2007.",,,,,,,,,,,,,,,,,,,,,,,,,,,,,,,,,,,,,,,,,,,,,,,,,,,,,,,,,,
,s4,"Source: United Nations Childrens Fund (UNICEF), Global database on literacy rate (available at https://data.unicef.org/topic/education/learning-and-skills/#data, accessed 16 Jan 2024). Data refer to 2018.",,,,,,,,,,,,,,,,,,,,,,,,,,,,,,,,,,,,,,,,,,,,,,,,,,,,,,,,,,
,s5,"Source: World Bank, World Development Indicators (WDI) database (available at https://databank.worldbank.org/source/world-development-indicators, accessed 19 Sep 2023). Data refer to 2014.",,,,,,,,,,,,,,,,,,,,,,,,,,,,,,,,,,,,,,,,,,,,,,,,,,,,,,,,,,
,s6,"Source: United Nations Educational, Scientific and Cultural Organisation (UNESCO), Education For All Global Monitoring Report 2011 (Statistical Annex) (available at https://unesdoc.unesco.org/home, accessed 16 Jan 2024). Data refer to 2015 projection.",,,,,,,,,,,,,,,,,,,,,,,,,,,,,,,,,,,,,,,,,,,,,,,,,,,,,,,,,,
,s7,Data refer to 2013.,,,,,,,,,,,,,,,,,,,,,,,,,,,,,,,,,,,,,,,,,,,,,,,,,,,,,,,,,,
,s8,"Source: Republique de Djibouti, Commissariat au Plan Charge des Statistiques: Resultats de la Quatrieme enquete Djiboutienne aupres des menages pour les indicateurs sociaux (Edam4-Is), Juin 2018 (available at https://microdata.worldbank.org/index.php/catalog/3463/download/46644, accessed 16 Jan 2024). Data refer to 2018.",,,,,,,,,,,,,,,,,,,,,,,,,,,,,,,,,,,,,,,,,,,,,,,,,,,,,,,,,,
,s9,"Source: International Monetary Fund (IMF), IMF Country Report No. 2018/265, 2018 Article IV Consultation - Press Release; and Staff Report, September 2018 (available at http://www.imf.org/external/country/, accessed 16 Jan 2024). Data refer to 2016.",,,,,,,,,,,,,,,,,,,,,,,,,,,,,,,,,,,,,,,,,,,,,,,,,,,,,,,,,,
,s10,"Source: United Nations Educational, Scientific and Cultural Organisation (UNESCO), Education For All Global Monitoring Report 2015 (Statistical Annex) (available at https://unesdoc.unesco.org/home, accessed 16 Jan 2024). Data refer to 2015.",,,,,,,,,,,,,,,,,,,,,,,,,,,,,,,,,,,,,,,,,,,,,,,,,,,,,,,,,,
,s11,"Source: The Pacific Community (SPC), Pacific Data Hub (PDH), Thematic (SDG goal 4) indicators on Education (available at https://stats.pacificdata.org/?lc=en, accessed 16 Jan 2024). Data refer to 2017.",,,,,,,,,,,,,,,,,,,,,,,,,,,,,,,,,,,,,,,,,,,,,,,,,,,,,,,,,,
,s12,Data refer to 2016.,,,,,,,,,,,,,,,,,,,,,,,,,,,,,,,,,,,,,,,,,,,,,,,,,,,,,,,,,,
,s13,Data refer to 2017.,,,,,,,,,,,,,,,,,,,,,,,,,,,,,,,,,,,,,,,,,,,,,,,,,,,,,,,,,,
,s14,"Source: Republic of Kiribati, National Statistics Office, Ministry of Finance: 2020 Population and Housing Census (available at https://sdd.spc.int/digital_library/republic-kiribati-2020-population-and-housing-general-report-and-results, accessed 16 Jan 2024). Data refer to 2021.",,,,,,,,,,,,,,,,,,,,,,,,,,,,,,,,,,,,,,,,,,,,,,,,,,,,,,,,,,
,s15,"Source: World Bank, World Development Indicators (WDI) database (available at https://databank.worldbank.org/source/world-development-indicators, accessed 19 Sep 2023). Data refer to 2019.",,,,,,,,,,,,,,,,,,,,,,,,,,,,,,,,,,,,,,,,,,,,,,,,,,,,,,,,,,
,s16,Data refer to 2011.,,,,,,,,,,,,,,,,,,,,,,,,,,,,,,,,,,,,,,,,,,,,,,,,,,,,,,,,,,
,s17,"Source: World Health Organization (WHO), Western Pacific Region (WPR),Western Pacific Health Databank, 2012-2013 (WPRO-WHO) (available at http://www.wpro.who.int/countries/fsm/17_fsm_2012.pdf, accessed 16 Jan 2024). Data refer to 2009.",,,,,,,,,,,,,,,,,,,,,,,,,,,,,,,,,,,,,,,,,,,,,,,,,,,,,,,,,,
,s18,"Source: Republic of Nauru, National Report on Population and Housing Census, 2011 (available at https://pacificdata.org/data/dataset/spc_nru_2011_phc_v01_m, accessed 16 Jan 2024). Data refer to 2011.",,,,,,,,,,,,,,,,,,,,,,,,,,,,,,,,,,,,,,,,,,,,,,,,,,,,,,,,,,
,s19,Data refer to 2015.,,,,,,,,,,,,,,,,,,,,,,,,,,,,,,,,,,,,,,,,,,,,,,,,,,,,,,,,,,
,s20,Data refer to 2014.,,,,,,,,,,,,,,,,,,,,,,,,,,,,,,,,,,,,,,,,,,,,,,,,,,,,,,,,,,
,s21,"Source: International Monetary Fund (IMF), IMF Country Report No. 17/186, 2017 Article IV Consultation - Press Release; and Staff Report, July 2017 (available at http://www.imf.org/external/country/, accessed 16 Jan 2024). Data refer to 2009.",,,,,,,,,,,,,,,,,,,,,,,,,,,,,,,,,,,,,,,,,,,,,,,,,,,,,,,,,,
,s22,"Source: International Monetary Fund (IMF), IMF Country Report No. 17/76, 2017 Article IV Consultation - Press Release and Staff Report, March 2017 (available at http://www.imf.org/external/country/, accessd  16 Jan 2024). Data refer to 2009.",,,,,,,,,,,,,,,,,,,,,,,,,,,,,,,,,,,,,,,,,,,,,,,,,,,,,,,,,,
,s23,"Source: Government of Saint Vincent and the Grenadines, Voluntary National Review, 2020 (available at https://hlpf.un.org/countries, accessed 16 Jan 2024). Data refer to 2020.",,,,,,,,,,,,,,,,,,,,,,,,,,,,,,,,,,,,,,,,,,,,,,,,,,,,,,,,,,
,s24,"Source: Solomon Islands Government, Report on 2009 Population and Housing Census, Basic Tables and Census Description (available at https://www.statistics.gov.sb/statistics/demographic-statistics/111-census/92-census-2009, accessed 16 Jan 2024). Data refer to 2009. ",,,,,,,,,,,,,,,,,,,,,,,,,,,,,,,,,,,,,,,,,,,,,,,,,,,,,,,,,,
,s25,"Source: Government of Tuvalu, Central Statistics Division, Tuvalu National Population and Housing Census 2012, Basic Tables (available at https://pacificdata.org/data/dataset/spc_tuv_2012_phc_v01_m, accessed 16 Jan 2024). Data refer to 2012.",,,,,,,,,,,,,,,,,,,,,,,,,,,,,,,,,,,,,,,,,,,,,,,,,,,,,,,,,,
,t,"Source: United Nations, Department of Economic and Social Affairs (DESA), CDP Secretariat, based on female and male lower secondary education completion rate data from United Nations Educational, Scientific and Cultural Organisation (UNESCO), Visualizing Indicators of Education for the World (VIEW) (available at https://education-estimates.org/, accessed 16 Jan 2024), unless otherwise indicated. Data refer to the latest available year within the 2019-2023 period, unless otherwise indicated.",,,,,,,,,,,,,,,,,,,,,,,,,,,,,,,,,,,,,,,,,,,,,,,,,,,,,,,,,,
,t1,"Source: United Nations Educational, Scientific and Cultural Organisation (UNESCO), Institute for Statistics (UIS), Data Centre (available at http://sdg4-data.uis.unesco.org/, accessed 16 Jan 2024). Data refer to 2022.",,,,,,,,,,,,,,,,,,,,,,,,,,,,,,,,,,,,,,,,,,,,,,,,,,,,,,,,,,
,t2,"Source: United Nations Educational, Scientific and Cultural Organisation (UNESCO), Institute for Statistics (UIS), Data Centre, 'Gross intake ratio to the last grade of lower secondary education, both sexes' (available at http://sdg4-data.uis.unesco.org/, accessed 16 Jan 2024). Data refer to 2019.",,,,,,,,,,,,,,,,,,,,,,,,,,,,,,,,,,,,,,,,,,,,,,,,,,,,,,,,,,
,t3,"Source: United Nations Educational, Scientific and Cultural Organisation (UNESCO), Institute for Statistics (UIS), Data Centre, 'Gross intake ratio to the last grade of lower secondary education, both sexes' (available at http://sdg4-data.uis.unesco.org/, accessed 16 Jan 2024). Data refer to 2022.",,,,,,,,,,,,,,,,,,,,,,,,,,,,,,,,,,,,,,,,,,,,,,,,,,,,,,,,,,
,t4,"Source: United Nations Educational, Scientific and Cultural Organisation (UNESCO), Institute for Statistics (UIS), Data Centre, 'Gross intake ratio to the last grade of lower secondary education, both sexes' (available at http://sdg4-data.uis.unesco.org/, accessed 16 Jan 2024). Data refer to 2010.",,,,,,,,,,,,,,,,,,,,,,,,,,,,,,,,,,,,,,,,,,,,,,,,,,,,,,,,,,
,t5,Data refer to 2017.,,,,,,,,,,,,,,,,,,,,,,,,,,,,,,,,,,,,,,,,,,,,,,,,,,,,,,,,,,
,t6,Data refer to 2015.,,,,,,,,,,,,,,,,,,,,,,,,,,,,,,,,,,,,,,,,,,,,,,,,,,,,,,,,,,
,t7,Data refer to 2016.,,,,,,,,,,,,,,,,,,,,,,,,,,,,,,,,,,,,,,,,,,,,,,,,,,,,,,,,,,
,t8,"Source: United Nations Educational, Scientific and Cultural Organisation (UNESCO), Institute for Statistics (UIS), Data Centre, 'Gross intake ratio to the last grade of lower secondary education, both sexes' (available at http://sdg4-data.uis.unesco.org/, accessed 16 Jan 2024). Data refer to 2020.",,,,,,,,,,,,,,,,,,,,,,,,,,,,,,,,,,,,,,,,,,,,,,,,,,,,,,,,,,
,t9,"Source: Global Partnership for Education, Results Report 2022 (available at https://www.globalpartnership.org/content/results-report-2022, accessed 16 Jan 2024). Data refer to 2020.",,,,,,,,,,,,,,,,,,,,,,,,,,,,,,,,,,,,,,,,,,,,,,,,,,,,,,,,,,
,t10,"Source: United Nations, Department of Economic and Social Affairs (DESA), CDP Secretariat, calculated based on United Nations Childrens Fund (UNICEF), Global database on completion rate (available at https://data.unicef.org/topic/education/secondary-education/, accessed 16 Jan 2024). Data refer to 2017.",,,,,,,,,,,,,,,,,,,,,,,,,,,,,,,,,,,,,,,,,,,,,,,,,,,,,,,,,,
,t11,"Source: Nations Unies Djibouti, Analyse commune pays, Djibouti, Decembre 2021 (available at https://minio.dev.devqube.io/uninfo-production-main/d00b7e7f-fe9d-43b6-a6cc-45b71c803b7d_Djibouti_CCA_official_janvier_2022_final.pdf, accessed 16 Jan 2024). Data refer to 2020.",,,,,,,,,,,,,,,,,,,,,,,,,,,,,,,,,,,,,,,,,,,,,,,,,,,,,,,,,,
,t12,"Source: United Nations Educational, Scientific and Cultural Organisation (UNESCO), Institute for Statistics (UIS), Data Centre, 'Gross intake ratio to the last grade of lower secondary education, both sexes' (available at http://sdg4-data.uis.unesco.org/, accessed 16 Jan 2024). Data refer to 2015.",,,,,,,,,,,,,,,,,,,,,,,,,,,,,,,,,,,,,,,,,,,,,,,,,,,,,,,,,,
,t13,"Source: United Nations, Department of Economic and Social Affairs (DESA), CDP Secretariat, calculated based on Equipo de Pais de las Naciones Unidas (UNCT), Guinea Equatorial Evaluacion Comun para el Pais (CCA) 2017 (available at https://uninfo.org/location/159/unct-overview, accessed 16 Jan 2024). Data refer to 2015.",,,,,,,,,,,,,,,,,,,,,,,,,,,,,,,,,,,,,,,,,,,,,,,,,,,,,,,,,,
,t14,"Source: United Nations Educational, Scientific and Cultural Organisation (UNESCO), Institute for Statistics (UIS), Data Centre, 'Gross intake ratio to the last grade of lower secondary education, both sexes' (available at http://sdg4-data.uis.unesco.org/, accessed 16 Jan 2024). Data refer to 2021.",,,,,,,,,,,,,,,,,,,,,,,,,,,,,,,,,,,,,,,,,,,,,,,,,,,,,,,,,,
,t15,"Source: United Nations Educational, Scientific and Cultural Organisation (UNESCO), Institute for Statistics (UIS), Data Centre (available at http://sdg4-data.uis.unesco.org/, accessed 16 Jan 2024). Data refer to 2017.",,,,,,,,,,,,,,,,,,,,,,,,,,,,,,,,,,,,,,,,,,,,,,,,,,,,,,,,,,
,t16,"Source: United Nations, Department of Economic and Social Affairs (DESA), CDP Secretariat, calculated based on CEIC, CEIC data, 2024 (available at https://www.ceicdata.com/en/lebanon/education-statistics, accessed 16 Jan 2024). Data refer to 2016.",,,,,,,,,,,,,,,,,,,,,,,,,,,,,,,,,,,,,,,,,,,,,,,,,,,,,,,,,,
,t17,"Source: United Nations, Department of Economic and Social Affairs (DESA), CDP Secretariat, calculated based on educational attainment statistics from International Foundation for Electoral Systems (IFES), Libya Status of Woman Survey 2013 (available at https://www.ifes.org/publications/ifes-survey-status-women-libya, accessed 16 Jan 2024). Data refer to 2013.",,,,,,,,,,,,,,,,,,,,,,,,,,,,,,,,,,,,,,,,,,,,,,,,,,,,,,,,,,
,t18,"Source: United Nations, Department of Economic and Social Affairs (DESA), CDP Secretariat, based on Republic of the Marshall Islands, Demographic and Health Survey, 2007 (available at https://sdd.spc.int/digital_library/marshall-islands-demographic-and-health-survey-dhs-2007, accessed 16 Jan 2024). Data refer to 2007.",,,,,,,,,,,,,,,,,,,,,,,,,,,,,,,,,,,,,,,,,,,,,,,,,,,,,,,,,,
,t19,Data refer to 2018.,,,,,,,,,,,,,,,,,,,,,,,,,,,,,,,,,,,,,,,,,,,,,,,,,,,,,,,,,,
,t20,"Source: United Nations Educational, Scientific and Cultural Organisation (UNESCO), Institute for Statistics (UIS), Data Centre (available at http://sdg4-data.uis.unesco.org/, accessed 16 Jan 2024). Data refer to 2014.",,,,,,,,,,,,,,,,,,,,,,,,,,,,,,,,,,,,,,,,,,,,,,,,,,,,,,,,,,
,t21,"Source: United Nations Educational, Scientific and Cultural Organisation (UNESCO), Institute for Statistics (UIS), Data Centre (available at http://sdg4-data.uis.unesco.org/, accessed 16 Jan 2024). Data refer to 2019.",,,,,,,,,,,,,,,,,,,,,,,,,,,,,,,,,,,,,,,,,,,,,,,,,,,,,,,,,,
,t22,"Source: United Nations Educational, Scientific and Cultural Organisation (UNESCO), Institute for Statistics (UIS), Data Centre, 'Gross intake ratio to the last grade of lower secondary education, both sexes' (available at http://sdg4-data.uis.unesco.org/, accessed 16 Jan 2024). Data refer to 2016.",,,,,,,,,,,,,,,,,,,,,,,,,,,,,,,,,,,,,,,,,,,,,,,,,,,,,,,,,,
,t23,"Source: United Nations Educational, Scientific and Cultural Organisation (UNESCO), Institute for Statistics (UIS), Data Centre, 'Gross intake ratio to the last grade of lower secondary education, both sexes' (available at http://sdg4-data.uis.unesco.org/, accessed 16 Jan 2024). Data refer to 2018.",,,,,,,,,,,,,,,,,,,,,,,,,,,,,,,,,,,,,,,,,,,,,,,,,,,,,,,,,,
,t24,"Source: United Nations Educational, Scientific and Cultural Organisation (UNESCO), Institute for Statistics (UIS), Data Centre, 'Gross intake ratio to the last grade of lower secondary education, both sexes' (available at http://sdg4-data.uis.unesco.org/, accessed 16 Jan 2024). Data refer to 2011.",,,,,,,,,,,,,,,,,,,,,,,,,,,,,,,,,,,,,,,,,,,,,,,,,,,,,,,,,,
,t25,Data refer to 2011.,,,,,,,,,,,,,,,,,,,,,,,,,,,,,,,,,,,,,,,,,,,,,,,,,,,,,,,,,,
,t26,"Source: United Nations, Department of Economic and Social Affairs (DESA), CDP Secretariat, calculated based on Government of the Democratic Socialist Republic of Sri Lanka, Inclusive Transformation towards a Sustainably Developed Nation for All, National Review on the Implementation of the 2030 Agenda for Sustainable Development in Sri Lanka, June 2022 (available at https://hlpf.un.org/countries/sri-lanka/voluntary-national-review-2022, accessed 16 Jan 2024). Data refer to 2020.",,,,,,,,,,,,,,,,,,,,,,,,,,,,,,,,,,,,,,,,,,,,,,,,,,,,,,,,,,
,t27,"Source: United Nations Educational, Scientific and Cultural Organisation (UNESCO), Institute for Statistics (UIS), Data Centre, 'Gross intake ratio to the last grade of lower secondary education, both sexes' (available at http://sdg4-data.uis.unesco.org/, accessed 16 Jan 2024). Data refer to 2023.",,,,,,,,,,,,,,,,,,,,,,,,,,,,,,,,,,,,,,,,,,,,,,,,,,,,,,,,,,
,t28,"Source:  United Nations, Department of Economic and Social Affairs (DESA), CDP Secretariat, calculated based on The Pacific Community, Pacific Data Hub, Thematic (SDG goal 4) indicators on Education (available at https://stats.pacificdata.org/?lc=en, accessed 16 Jan 2024). Data refer to 2020.",,,,,,,,,,,,,,,,,,,,,,,,,,,,,,,,,,,,,,,,,,,,,,,,,,,,,,,,,,
,t29,"Source:  United Nations, Department of Economic and Social Affairs (DESA), CDP Secretariat, calculated based on Yemen, Central Statistical Organization, Yemen Multiple Indicators Cluster Survey (MICS) 2022-2023 (available at https://www.unicef.org/yemen/documents/yemen-mics-multiple-indicator-cluster-survey, accessed 16 Jan 2024). Data refer to 2022.",,,,,,,,,,,,,,,,,,,,,,,,,,,,,,,,,,,,,,,,,,,,,,,,,,,,,,,,,,
,u,"Source: United Nations, Department of Economic and Social Affairs (DESA), Statistics Division, based on National Accounts Main Aggregates Database, using currency conversion rate based on the World Bank Atlas method and adjusted to calendar year, where applicable, (received 16 January 2024). Data refer to 2020-2022 average.",,,,,,,,,,,,,,,,,,,,,,,,,,,,,,,,,,,,,,,,,,,,,,,,,,,,,,,,,,
